SKU,Color,Condition,Model,Size
IP11PROMAX256GA,Gold,A,iPhone 11 Pro Max,256GB
IP11PROMAX256GAA,Gold,A+,iPhone 11 Pro Max,256GB
IP11PROMAX256GAB,Gold,A/B,iPhone 11 Pro Max,256GB
IP11PROMAX256GBC,Gold,B/C,iPhone 11 Pro Max,256GB
IP11PROMAX256GC,Gold,C,iPhone 11 Pro Max,256GB
IP11PROMAX256GI,Gold,I,iPhone 11 Pro Max,256GB
IP11PROMAX256GNOI,Gold,NOI,iPhone 11 Pro Max,256GB
IP11PROMAX256MGA,Midnight Green,A,iPhone 11 Pro Max,256GB
IP11PROMAX256MGAA,Midnight Green,A+,iPhone 11 Pro Max,256GB
IP11PROMAX256MGAB,Midnight Green,A/B,iPhone 11 Pro Max,256GB
IP11PROMAX256MGBC,Midnight Green,B/C,iPhone 11 Pro Max,256GB
IP11PROMAX256MGC,Midnight Green,C,iPhone 11 Pro Max,256GB
IP11PROMAX256MGI,Midnight Green,I,iPhone 11 Pro Max,256GB
IP11PROMAX256MGNOI,Midnight Green,NOI,iPhone 11 Pro Max,256GB
IP11PROMAX256SA,Silver,A,iPhone 11 Pro Max,256GB
IP11PROMAX256SAA,Silver,A+,iPhone 11 Pro Max,256GB
IP11PROMAX256SAB,Silver,A/B,iPhone 11 Pro Max,256GB
IP11PROMAX256SBC,Silver,B/C,iPhone 11 Pro Max,256GB
IP11PROMAX256SC,Silver,C,iPhone 11 Pro Max,256GB
IP11PROMAX256SI,Silver,I,iPhone 11 Pro Max,256GB
IP11PROMAX256SNOI,Silver,NOI,iPhone 11 Pro Max,256GB
IP11PROMAX256SGA,Space Gray,A,iPhone 11 Pro Max,256GB
IP11PROMAX256SGAA,Space Gray,A+,iPhone 11 Pro Max,256GB
IP11PROMAX256SGAB,Space Gray,A/B,iPhone 11 Pro Max,256GB
IP11PROMAX256SGBC,Space Gray,B/C,iPhone 11 Pro Max,256GB
IP11PROMAX256SGC,Space Gray,C,iPhone 11 Pro Max,256GB
IP11PROMAX256SGI,Space Gray,I,iPhone 11 Pro Max,256GB
IP11PROMAX256SGNOI,Space Gray,NOI,iPhone 11 Pro Max,256GB
IP11PROMAX512GA,Gold,A,iPhone 11 Pro Max,512GB
IP11PROMAX512GAA,Gold,A+,iPhone 11 Pro Max,512GB
IP11PROMAX512GAB,Gold,A/B,iPhone 11 Pro Max,512GB
IP11PROMAX512GBC,Gold,B/C,iPhone 11 Pro Max,512GB
IP11PROMAX512GC,Gold,C,iPhone 11 Pro Max,512GB
IP11PROMAX512GI,Gold,I,iPhone 11 Pro Max,512GB
IP11PROMAX512GNOI,Gold,NOI,iPhone 11 Pro Max,512GB
IP11PROMAX512MGA,Midnight Green,A,iPhone 11 Pro Max,512GB
IP11PROMAX512MGAA,Midnight Green,A+,iPhone 11 Pro Max,512GB
IP11PROMAX512MGAB,Midnight Green,A/B,iPhone 11 Pro Max,512GB
IP11PROMAX512MGBC,Midnight Green,B/C,iPhone 11 Pro Max,512GB
IP11PROMAX512MGC,Midnight Green,C,iPhone 11 Pro Max,512GB
IP11PROMAX512MGI,Midnight Green,I,iPhone 11 Pro Max,512GB
IP11PROMAX512MGNOI,Midnight Green,NOI,iPhone 11 Pro Max,512GB
IP11PROMAX512SA,Silver,A,iPhone 11 Pro Max,512GB
IP11PROMAX512SAA,Silver,A+,iPhone 11 Pro Max,512GB
IP11PROMAX512SAB,Silver,A/B,iPhone 11 Pro Max,512GB
IP11PROMAX512SBC,Silver,B/C,iPhone 11 Pro Max,512GB
IP11PROMAX512SC,Silver,C,iPhone 11 Pro Max,512GB
IP11PROMAX512SI,Silver,I,iPhone 11 Pro Max,512GB
IP11PROMAX512SNOI,Silver,NOI,iPhone 11 Pro Max,512GB
IP11PROMAX512SGA,Space Gray,A,iPhone 11 Pro Max,512GB
IP11PROMAX512SGAA,Space Gray,A+,iPhone 11 Pro Max,512GB
IP11PROMAX512SGAB,Space Gray,A/B,iPhone 11 Pro Max,512GB
IP11PROMAX512SGBC,Space Gray,B/C,iPhone 11 Pro Max,512GB
IP11PROMAX512SGC,Space Gray,C,iPhone 11 Pro Max,512GB
IP11PROMAX512SGI,Space Gray,I,iPhone 11 Pro Max,512GB
IP11PROMAX512SGNOI,Space Gray,NOI,iPhone 11 Pro Max,512GB
IP11PROMAX64GA,Gold,A,iPhone 11 Pro Max,64GB
IP11PROMAX64GAA,Gold,A+,iPhone 11 Pro Max,64GB
IP11PROMAX64GAB,Gold,A/B,iPhone 11 Pro Max,64GB
IP11PROMAX64GBC,Gold,B/C,iPhone 11 Pro Max,64GB
IP11PROMAX64GC,Gold,C,iPhone 11 Pro Max,64GB
IP11PROMAX64GI,Gold,I,iPhone 11 Pro Max,64GB
IP11PROMAX64GNOI,Gold,NOI,iPhone 11 Pro Max,64GB
IP11PROMAX64MGA,Midnight Green,A,iPhone 11 Pro Max,64GB
IP11PROMAX64MGAA,Midnight Green,A+,iPhone 11 Pro Max,64GB
IP11PROMAX64MGAB,Midnight Green,A/B,iPhone 11 Pro Max,64GB
IP11PROMAX64MGBC,Midnight Green,B/C,iPhone 11 Pro Max,64GB
IP11PROMAX64MGC,Midnight Green,C,iPhone 11 Pro Max,64GB
IP11PROMAX64MGI,Midnight Green,I,iPhone 11 Pro Max,64GB
IP11PROMAX64MGNOI,Midnight Green,NOI,iPhone 11 Pro Max,64GB
IP11PROMAX64SA,Silver,A,iPhone 11 Pro Max,64GB
IP11PROMAX64SAA,Silver,A+,iPhone 11 Pro Max,64GB
IP11PROMAX64SAB,Silver,A/B,iPhone 11 Pro Max,64GB
IP11PROMAX64SBC,Silver,B/C,iPhone 11 Pro Max,64GB
IP11PROMAX64SC,Silver,C,iPhone 11 Pro Max,64GB
IP11PROMAX64SI,Silver,I,iPhone 11 Pro Max,64GB
IP11PROMAX64SNOI,Silver,NOI,iPhone 11 Pro Max,64GB
IP11PROMAX64SGA,Space Gray,A,iPhone 11 Pro Max,64GB
IP11PROMAX64SGAA,Space Gray,A+,iPhone 11 Pro Max,64GB
IP11PROMAX64SGAB,Space Gray,A/B,iPhone 11 Pro Max,64GB
IP11PROMAX64SGBC,Space Gray,B/C,iPhone 11 Pro Max,64GB
IP11PROMAX64SGC,Space Gray,C,iPhone 11 Pro Max,64GB
IP11PROMAX64SGI,Space Gray,I,iPhone 11 Pro Max,64GB
IP11PROMAX64SGNOI,Space Gray,NOI,iPhone 11 Pro Max,64GB
IP11PRO256GA,Gold,A,iPhone 11 Pro,256GB
IP11PRO256GAA,Gold,A+,iPhone 11 Pro,256GB
IP11PRO256GAB,Gold,A/B,iPhone 11 Pro,256GB
IP11PRO256GBC,Gold,B/C,iPhone 11 Pro,256GB
IP11PRO256GC,Gold,C,iPhone 11 Pro,256GB
IP11PRO256GI,Gold,I,iPhone 11 Pro,256GB
IP11PRO256GNOI,Gold,NOI,iPhone 11 Pro,256GB
IP11PRO256MGA,Midnight Green,A,iPhone 11 Pro,256GB
IP11PRO256MGAA,Midnight Green,A+,iPhone 11 Pro,256GB
IP11PRO256MGAB,Midnight Green,A/B,iPhone 11 Pro,256GB
IP11PRO256MGBC,Midnight Green,B/C,iPhone 11 Pro,256GB
IP11PRO256MGC,Midnight Green,C,iPhone 11 Pro,256GB
IP11PRO256MGI,Midnight Green,I,iPhone 11 Pro,256GB
IP11PRO256MGNOI,Midnight Green,NOI,iPhone 11 Pro,256GB
IP11PRO256SA,Silver,A,iPhone 11 Pro,256GB
IP11PRO256SAA,Silver,A+,iPhone 11 Pro,256GB
IP11PRO256SAB,Silver,A/B,iPhone 11 Pro,256GB
IP11PRO256SBC,Silver,B/C,iPhone 11 Pro,256GB
IP11PRO256SC,Silver,C,iPhone 11 Pro,256GB
IP11PRO256SI,Silver,I,iPhone 11 Pro,256GB
IP11PRO256SNOI,Silver,NOI,iPhone 11 Pro,256GB
IP11PRO256SGA,Space Gray,A,iPhone 11 Pro,256GB
IP11PRO256SGAA,Space Gray,A+,iPhone 11 Pro,256GB
IP11PRO256SGAB,Space Gray,A/B,iPhone 11 Pro,256GB
IP11PRO256SGBC,Space Gray,B/C,iPhone 11 Pro,256GB
IP11PRO256SGC,Space Gray,C,iPhone 11 Pro,256GB
IP11PRO256SGI,Space Gray,I,iPhone 11 Pro,256GB
IP11PRO256SGNOI,Space Gray,NOI,iPhone 11 Pro,256GB
IP11PRO512GA,Gold,A,iPhone 11 Pro,512GB
IP11PRO512GAA,Gold,A+,iPhone 11 Pro,512GB
IP11PRO512GAB,Gold,A/B,iPhone 11 Pro,512GB
IP11PRO512GBC,Gold,B/C,iPhone 11 Pro,512GB
IP11PRO512GC,Gold,C,iPhone 11 Pro,512GB
IP11PRO512GI,Gold,I,iPhone 11 Pro,512GB
IP11PRO512GNOI,Gold,NOI,iPhone 11 Pro,512GB
IP11PRO512MGA,Midnight Green,A,iPhone 11 Pro,512GB
IP11PRO512MGAA,Midnight Green,A+,iPhone 11 Pro,512GB
IP11PRO512MGAB,Midnight Green,A/B,iPhone 11 Pro,512GB
IP11PRO512MGBC,Midnight Green,B/C,iPhone 11 Pro,512GB
IP11PRO512MGC,Midnight Green,C,iPhone 11 Pro,512GB
IP11PRO512MGI,Midnight Green,I,iPhone 11 Pro,512GB
IP11PRO512MGNOI,Midnight Green,NOI,iPhone 11 Pro,512GB
IP11PRO512SA,Silver,A,iPhone 11 Pro,512GB
IP11PRO512SAA,Silver,A+,iPhone 11 Pro,512GB
IP11PRO512SAB,Silver,A/B,iPhone 11 Pro,512GB
IP11PRO512SBC,Silver,B/C,iPhone 11 Pro,512GB
IP11PRO512SC,Silver,C,iPhone 11 Pro,512GB
IP11PRO512SI,Silver,I,iPhone 11 Pro,512GB
IP11PRO512SNOI,Silver,NOI,iPhone 11 Pro,512GB
IP11PRO512SGA,Space Gray,A,iPhone 11 Pro,512GB
IP11PRO512SGAA,Space Gray,A+,iPhone 11 Pro,512GB
IP11PRO512SGAB,Space Gray,A/B,iPhone 11 Pro,512GB
IP11PRO512SGBC,Space Gray,B/C,iPhone 11 Pro,512GB
IP11PRO512SGC,Space Gray,C,iPhone 11 Pro,512GB
IP11PRO512SGI,Space Gray,I,iPhone 11 Pro,512GB
IP11PRO512SGNOI,Space Gray,NOI,iPhone 11 Pro,512GB
IP11PRO64GA,Gold,A,iPhone 11 Pro,64GB
IP11PRO64GAA,Gold,A+,iPhone 11 Pro,64GB
IP11PRO64GAB,Gold,A/B,iPhone 11 Pro,64GB
IP11PRO64GBC,Gold,B/C,iPhone 11 Pro,64GB
IP11PRO64GC,Gold,C,iPhone 11 Pro,64GB
IP11PRO64GI,Gold,I,iPhone 11 Pro,64GB
IP11PRO64GNOI,Gold,NOI,iPhone 11 Pro,64GB
IP11PRO64MGA,Midnight Green,A,iPhone 11 Pro,64GB
IP11PRO64MGAA,Midnight Green,A+,iPhone 11 Pro,64GB
IP11PRO64MGAB,Midnight Green,A/B,iPhone 11 Pro,64GB
IP11PRO64MGBC,Midnight Green,B/C,iPhone 11 Pro,64GB
IP11PRO64MGC,Midnight Green,C,iPhone 11 Pro,64GB
IP11PRO64MGI,Midnight Green,I,iPhone 11 Pro,64GB
IP11PRO64MGNOI,Midnight Green,NOI,iPhone 11 Pro,64GB
IP11PRO64SA,Silver,A,iPhone 11 Pro,64GB
IP11PRO64SAA,Silver,A+,iPhone 11 Pro,64GB
IP11PRO64SAB,Silver,A/B,iPhone 11 Pro,64GB
IP11PRO64SBC,Silver,B/C,iPhone 11 Pro,64GB
IP11PRO64SC,Silver,C,iPhone 11 Pro,64GB
IP11PRO64SI,Silver,I,iPhone 11 Pro,64GB
IP11PRO64SNOI,Silver,NOI,iPhone 11 Pro,64GB
IP11PRO64SGA,Space Gray,A,iPhone 11 Pro,64GB
IP11PRO64SGAA,Space Gray,A+,iPhone 11 Pro,64GB
IP11PRO64SGAB,Space Gray,A/B,iPhone 11 Pro,64GB
IP11PRO64SGBC,Space Gray,B/C,iPhone 11 Pro,64GB
IP11PRO64SGC,Space Gray,C,iPhone 11 Pro,64GB
IP11PRO64SGI,Space Gray,I,iPhone 11 Pro,64GB
IP11PRO64SGNOI,Space Gray,NOI,iPhone 11 Pro,64GB
IP11128BA,Black,A,iPhone 11,128GB
IP11128BAA,Black,A+,iPhone 11,128GB
IP11128BAB,Black,A/B,iPhone 11,128GB
IP11128BBC,Black,B/C,iPhone 11,128GB
IP11128BC,Black,C,iPhone 11,128GB
IP11128BI,Black,I,iPhone 11,128GB
IP11128BNOI,Black,NOI,iPhone 11,128GB
IP11128GRA,Green,A,iPhone 11,128GB
IP11128GRAA,Green,A+,iPhone 11,128GB
IP11128GRAB,Green,A/B,iPhone 11,128GB
IP11128GRBC,Green,B/C,iPhone 11,128GB
IP11128GRC,Green,C,iPhone 11,128GB
IP11128GRI,Green,I,iPhone 11,128GB
IP11128GRNOI,Green,NOI,iPhone 11,128GB
IP11128PA,Purple,A,iPhone 11,128GB
IP11128PAA,Purple,A+,iPhone 11,128GB
IP11128PAB,Purple,A/B,iPhone 11,128GB
IP11128PBC,Purple,B/C,iPhone 11,128GB
IP11128PC,Purple,C,iPhone 11,128GB
IP11128PI,Purple,I,iPhone 11,128GB
IP11128PNOI,Purple,NOI,iPhone 11,128GB
IP11128RA,Red,A,iPhone 11,128GB
IP11128RAA,Red,A+,iPhone 11,128GB
IP11128RAB,Red,A/B,iPhone 11,128GB
IP11128RBC,Red,B/C,iPhone 11,128GB
IP11128RC,Red,C,iPhone 11,128GB
IP11128RI,Red,I,iPhone 11,128GB
IP11128RNOI,Red,NOI,iPhone 11,128GB
IP11128WA,White,A,iPhone 11,128GB
IP11128WAA,White,A+,iPhone 11,128GB
IP11128WAB,White,A/B,iPhone 11,128GB
IP11128WBC,White,B/C,iPhone 11,128GB
IP11128WC,White,C,iPhone 11,128GB
IP11128WI,White,I,iPhone 11,128GB
IP11128WNOI,White,NOI,iPhone 11,128GB
IP11128YA,Yellow,A,iPhone 11,128GB
IP11128YAA,Yellow,A+,iPhone 11,128GB
IP11128YAB,Yellow,A/B,iPhone 11,128GB
IP11128YBC,Yellow,B/C,iPhone 11,128GB
IP11128YC,Yellow,C,iPhone 11,128GB
IP11128YI,Yellow,I,iPhone 11,128GB
IP11128YNOI,Yellow,NOI,iPhone 11,128GB
IP11256BA,Black,A,iPhone 11,256GB
IP11256BAA,Black,A+,iPhone 11,256GB
IP11256BAB,Black,A/B,iPhone 11,256GB
IP11256BBC,Black,B/C,iPhone 11,256GB
IP11256BC,Black,C,iPhone 11,256GB
IP11256BI,Black,I,iPhone 11,256GB
IP11256BNOI,Black,NOI,iPhone 11,256GB
IP11256GRA,Green,A,iPhone 11,256GB
IP11256GRAA,Green,A+,iPhone 11,256GB
IP11256GRAB,Green,A/B,iPhone 11,256GB
IP11256GRBC,Green,B/C,iPhone 11,256GB
IP11256GRC,Green,C,iPhone 11,256GB
IP11256GRI,Green,I,iPhone 11,256GB
IP11256GRNOI,Green,NOI,iPhone 11,256GB
IP11256PA,Purple,A,iPhone 11,256GB
IP11256PAA,Purple,A+,iPhone 11,256GB
IP11256PAB,Purple,A/B,iPhone 11,256GB
IP11256PBC,Purple,B/C,iPhone 11,256GB
IP11256PC,Purple,C,iPhone 11,256GB
IP11256PI,Purple,I,iPhone 11,256GB
IP11256PNOI,Purple,NOI,iPhone 11,256GB
IP11256RA,Red,A,iPhone 11,256GB
IP11256RAA,Red,A+,iPhone 11,256GB
IP11256RAB,Red,A/B,iPhone 11,256GB
IP11256RBC,Red,B/C,iPhone 11,256GB
IP11256RC,Red,C,iPhone 11,256GB
IP11256RI,Red,I,iPhone 11,256GB
IP11256RNOI,Red,NOI,iPhone 11,256GB
IP11256WA,White,A,iPhone 11,256GB
IP11256WAA,White,A+,iPhone 11,256GB
IP11256WAB,White,A/B,iPhone 11,256GB
IP11256WBC,White,B/C,iPhone 11,256GB
IP11256WC,White,C,iPhone 11,256GB
IP11256WI,White,I,iPhone 11,256GB
IP11256WNOI,White,NOI,iPhone 11,256GB
IP11256YA,Yellow,A,iPhone 11,256GB
IP11256YAA,Yellow,A+,iPhone 11,256GB
IP11256YAB,Yellow,A/B,iPhone 11,256GB
IP11256YBC,Yellow,B/C,iPhone 11,256GB
IP11256YC,Yellow,C,iPhone 11,256GB
IP11256YI,Yellow,I,iPhone 11,256GB
IP11256YNOI,Yellow,NOI,iPhone 11,256GB
IP1164BA,Black,A,iPhone 11,64GB
IP1164BAA,Black,A+,iPhone 11,64GB
IP1164BAB,Black,A/B,iPhone 11,64GB
IP1164BBC,Black,B/C,iPhone 11,64GB
IP1164BC,Black,C,iPhone 11,64GB
IP1164BI,Black,I,iPhone 11,64GB
IP1164BNOI,Black,NOI,iPhone 11,64GB
IP1164GRA,Green,A,iPhone 11,64GB
IP1164GRAA,Green,A+,iPhone 11,64GB
IP1164GRAB,Green,A/B,iPhone 11,64GB
IP1164GRBC,Green,B/C,iPhone 11,64GB
IP1164GRC,Green,C,iPhone 11,64GB
IP1164GRI,Green,I,iPhone 11,64GB
IP1164GRNOI,Green,NOI,iPhone 11,64GB
IP1164PA,Purple,A,iPhone 11,64GB
IP1164PAA,Purple,A+,iPhone 11,64GB
IP1164PAB,Purple,A/B,iPhone 11,64GB
IP1164PBC,Purple,B/C,iPhone 11,64GB
IP1164PC,Purple,C,iPhone 11,64GB
IP1164PI,Purple,I,iPhone 11,64GB
IP1164PNOI,Purple,NOI,iPhone 11,64GB
IP1164RA,Red,A,iPhone 11,64GB
IP1164RAA,Red,A+,iPhone 11,64GB
IP1164RAB,Red,A/B,iPhone 11,64GB
IP1164RBC,Red,B/C,iPhone 11,64GB
IP1164RC,Red,C,iPhone 11,64GB
IP1164RI,Red,I,iPhone 11,64GB
IP1164RNOI,Red,NOI,iPhone 11,64GB
IP1164WA,White,A,iPhone 11,64GB
IP1164WAA,White,A+,iPhone 11,64GB
IP1164WAB,White,A/B,iPhone 11,64GB
IP1164WBC,White,B/C,iPhone 11,64GB
IP1164WC,White,C,iPhone 11,64GB
IP1164WI,White,I,iPhone 11,64GB
IP1164WNOI,White,NOI,iPhone 11,64GB
IP1164YA,Yellow,A,iPhone 11,64GB
IP1164YAA,Yellow,A+,iPhone 11,64GB
IP1164YAB,Yellow,A/B,iPhone 11,64GB
IP1164YBC,Yellow,B/C,iPhone 11,64GB
IP1164YC,Yellow,C,iPhone 11,64GB
IP1164YI,Yellow,I,iPhone 11,64GB
IP1164YNOI,Yellow,NOI,iPhone 11,64GB
IP12MINI128BA,Black,A,iPhone 12 mini,128GB
IP12MINI128BAA,Black,A+,iPhone 12 mini,128GB
IP12MINI128BAB,Black,A/B,iPhone 12 mini,128GB
IP12MINI128BBC,Black,B/C,iPhone 12 mini,128GB
IP12MINI128BC,Black,C,iPhone 12 mini,128GB
IP12MINI128BI,Black,I,iPhone 12 mini,128GB
IP12MINI128BNOI,Black,NOI,iPhone 12 mini,128GB
IP12MINI128BLA,Blue,A,iPhone 12 mini,128GB
IP12MINI128BLAA,Blue,A+,iPhone 12 mini,128GB
IP12MINI128BLAB,Blue,A/B,iPhone 12 mini,128GB
IP12MINI128BLBC,Blue,B/C,iPhone 12 mini,128GB
IP12MINI128BLC,Blue,C,iPhone 12 mini,128GB
IP12MINI128BLI,Blue,I,iPhone 12 mini,128GB
IP12MINI128BLNOI,Blue,NOI,iPhone 12 mini,128GB
IP12MINI128GRA,Green,A,iPhone 12 mini,128GB
IP12MINI128GRAA,Green,A+,iPhone 12 mini,128GB
IP12MINI128GRAB,Green,A/B,iPhone 12 mini,128GB
IP12MINI128GRBC,Green,B/C,iPhone 12 mini,128GB
IP12MINI128GRC,Green,C,iPhone 12 mini,128GB
IP12MINI128GRI,Green,I,iPhone 12 mini,128GB
IP12MINI128GRNOI,Green,NOI,iPhone 12 mini,128GB
IP12MINI128PA,Purple,A,iPhone 12 mini,128GB
IP12MINI128PAA,Purple,A+,iPhone 12 mini,128GB
IP12MINI128PAB,Purple,A/B,iPhone 12 mini,128GB
IP12MINI128PBC,Purple,B/C,iPhone 12 mini,128GB
IP12MINI128PC,Purple,C,iPhone 12 mini,128GB
IP12MINI128PI,Purple,I,iPhone 12 mini,128GB
IP12MINI128PNOI,Purple,NOI,iPhone 12 mini,128GB
IP12MINI128RA,Red,A,iPhone 12 mini,128GB
IP12MINI128RAA,Red,A+,iPhone 12 mini,128GB
IP12MINI128RAB,Red,A/B,iPhone 12 mini,128GB
IP12MINI128RBC,Red,B/C,iPhone 12 mini,128GB
IP12MINI128RC,Red,C,iPhone 12 mini,128GB
IP12MINI128RI,Red,I,iPhone 12 mini,128GB
IP12MINI128RNOI,Red,NOI,iPhone 12 mini,128GB
IP12MINI128WA,White,A,iPhone 12 mini,128GB
IP12MINI128WAA,White,A+,iPhone 12 mini,128GB
IP12MINI128WAB,White,A/B,iPhone 12 mini,128GB
IP12MINI128WBC,White,B/C,iPhone 12 mini,128GB
IP12MINI128WC,White,C,iPhone 12 mini,128GB
IP12MINI128WI,White,I,iPhone 12 mini,128GB
IP12MINI128WNOI,White,NOI,iPhone 12 mini,128GB
IP12MINI256BA,Black,A,iPhone 12 mini,256GB
IP12MINI256BAA,Black,A+,iPhone 12 mini,256GB
IP12MINI256BAB,Black,A/B,iPhone 12 mini,256GB
IP12MINI256BBC,Black,B/C,iPhone 12 mini,256GB
IP12MINI256BC,Black,C,iPhone 12 mini,256GB
IP12MINI256BI,Black,I,iPhone 12 mini,256GB
IP12MINI256BNOI,Black,NOI,iPhone 12 mini,256GB
IP12MINI256BLA,Blue,A,iPhone 12 mini,256GB
IP12MINI256BLAA,Blue,A+,iPhone 12 mini,256GB
IP12MINI256BLAB,Blue,A/B,iPhone 12 mini,256GB
IP12MINI256BLBC,Blue,B/C,iPhone 12 mini,256GB
IP12MINI256BLC,Blue,C,iPhone 12 mini,256GB
IP12MINI256BLI,Blue,I,iPhone 12 mini,256GB
IP12MINI256BLNOI,Blue,NOI,iPhone 12 mini,256GB
IP12MINI256GRA,Green,A,iPhone 12 mini,256GB
IP12MINI256GRAA,Green,A+,iPhone 12 mini,256GB
IP12MINI256GRAB,Green,A/B,iPhone 12 mini,256GB
IP12MINI256GRBC,Green,B/C,iPhone 12 mini,256GB
IP12MINI256GRC,Green,C,iPhone 12 mini,256GB
IP12MINI256GRI,Green,I,iPhone 12 mini,256GB
IP12MINI256GRNOI,Green,NOI,iPhone 12 mini,256GB
IP12MINI256PA,Purple,A,iPhone 12 mini,256GB
IP12MINI256PAA,Purple,A+,iPhone 12 mini,256GB
IP12MINI256PAB,Purple,A/B,iPhone 12 mini,256GB
IP12MINI256PBC,Purple,B/C,iPhone 12 mini,256GB
IP12MINI256PC,Purple,C,iPhone 12 mini,256GB
IP12MINI256PI,Purple,I,iPhone 12 mini,256GB
IP12MINI256PNOI,Purple,NOI,iPhone 12 mini,256GB
IP12MINI256RA,Red,A,iPhone 12 mini,256GB
IP12MINI256RAA,Red,A+,iPhone 12 mini,256GB
IP12MINI256RAB,Red,A/B,iPhone 12 mini,256GB
IP12MINI256RBC,Red,B/C,iPhone 12 mini,256GB
IP12MINI256RC,Red,C,iPhone 12 mini,256GB
IP12MINI256RI,Red,I,iPhone 12 mini,256GB
IP12MINI256RNOI,Red,NOI,iPhone 12 mini,256GB
IP12MINI256WA,White,A,iPhone 12 mini,256GB
IP12MINI256WAA,White,A+,iPhone 12 mini,256GB
IP12MINI256WAB,White,A/B,iPhone 12 mini,256GB
IP12MINI256WBC,White,B/C,iPhone 12 mini,256GB
IP12MINI256WC,White,C,iPhone 12 mini,256GB
IP12MINI256WI,White,I,iPhone 12 mini,256GB
IP12MINI256WNOI,White,NOI,iPhone 12 mini,256GB
IP12MINI64BA,Black,A,iPhone 12 mini,64GB
IP12MINI64BAA,Black,A+,iPhone 12 mini,64GB
IP12MINI64BAB,Black,A/B,iPhone 12 mini,64GB
IP12MINI64BBC,Black,B/C,iPhone 12 mini,64GB
IP12MINI64BC,Black,C,iPhone 12 mini,64GB
IP12MINI64BI,Black,I,iPhone 12 mini,64GB
IP12MINI64BNOI,Black,NOI,iPhone 12 mini,64GB
IP12MINI64BLA,Blue,A,iPhone 12 mini,64GB
IP12MINI64BLAA,Blue,A+,iPhone 12 mini,64GB
IP12MINI64BLAB,Blue,A/B,iPhone 12 mini,64GB
IP12MINI64BLBC,Blue,B/C,iPhone 12 mini,64GB
IP12MINI64BLC,Blue,C,iPhone 12 mini,64GB
IP12MINI64BLI,Blue,I,iPhone 12 mini,64GB
IP12MINI64BLNOI,Blue,NOI,iPhone 12 mini,64GB
IP12MINI64GRA,Green,A,iPhone 12 mini,64GB
IP12MINI64GRAA,Green,A+,iPhone 12 mini,64GB
IP12MINI64GRAB,Green,A/B,iPhone 12 mini,64GB
IP12MINI64GRBC,Green,B/C,iPhone 12 mini,64GB
IP12MINI64GRC,Green,C,iPhone 12 mini,64GB
IP12MINI64GRI,Green,I,iPhone 12 mini,64GB
IP12MINI64GRNOI,Green,NOI,iPhone 12 mini,64GB
IP12MINI64PA,Purple,A,iPhone 12 mini,64GB
IP12MINI64PAA,Purple,A+,iPhone 12 mini,64GB
IP12MINI64PAB,Purple,A/B,iPhone 12 mini,64GB
IP12MINI64PBC,Purple,B/C,iPhone 12 mini,64GB
IP12MINI64PC,Purple,C,iPhone 12 mini,64GB
IP12MINI64PI,Purple,I,iPhone 12 mini,64GB
IP12MINI64PNOI,Purple,NOI,iPhone 12 mini,64GB
IP12MINI64RA,Red,A,iPhone 12 mini,64GB
IP12MINI64RAA,Red,A+,iPhone 12 mini,64GB
IP12MINI64RAB,Red,A/B,iPhone 12 mini,64GB
IP12MINI64RBC,Red,B/C,iPhone 12 mini,64GB
IP12MINI64RC,Red,C,iPhone 12 mini,64GB
IP12MINI64RI,Red,I,iPhone 12 mini,64GB
IP12MINI64RNOI,Red,NOI,iPhone 12 mini,64GB
IP12MINI64WA,White,A,iPhone 12 mini,64GB
IP12MINI64WAA,White,A+,iPhone 12 mini,64GB
IP12MINI64WAB,White,A/B,iPhone 12 mini,64GB
IP12MINI64WBC,White,B/C,iPhone 12 mini,64GB
IP12MINI64WC,White,C,iPhone 12 mini,64GB
IP12MINI64WI,White,I,iPhone 12 mini,64GB
IP12MINI64WNOI,White,NOI,iPhone 12 mini,64GB
IP12PROMAX128GA,Gold,A,iPhone 12 Pro Max,128GB
IP12PROMAX128GAB,Gold,A/B,iPhone 12 Pro Max,128GB
IP12PROMAX128GB,Gold,B,iPhone 12 Pro Max,128GB
IP12PROMAX128GRAA,Graphite,A,iPhone 12 Pro Max,128GB
IP12PROMAX128GRAAA,Graphite,A+,iPhone 12 Pro Max,128GB
IP12PROMAX128GRAAB,Graphite,A/B,iPhone 12 Pro Max,128GB
IP12PROMAX128GRABC,Graphite,B/C,iPhone 12 Pro Max,128GB
IP12PROMAX128GRAI,Graphite,I,iPhone 12 Pro Max,128GB
IP12PROMAX128PBA,Pacific Blue,A,iPhone 12 Pro Max,128GB
IP12PROMAX128PBAA,Pacific Blue,A+,iPhone 12 Pro Max,128GB
IP12PROMAX128PBAB,Pacific Blue,A/B,iPhone 12 Pro Max,128GB
IP12PROMAX128PBBC,Pacific Blue,B/C,iPhone 12 Pro Max,128GB
IP12PROMAX128PBC,Pacific Blue,C,iPhone 12 Pro Max,128GB
IP12PROMAX128PBI,Pacific Blue,I,iPhone 12 Pro Max,128GB
IP12PROMAX128PBNOI,Pacific Blue,NOI,iPhone 12 Pro Max,128GB
IP12PROMAX128SA,Silver,A,iPhone 12 Pro Max,128GB
IP12PROMAX128SAA,Silver,A+,iPhone 12 Pro Max,128GB
IP12PROMAX128SAB,Silver,A/B,iPhone 12 Pro Max,128GB
IP12PROMAX128SBC,Silver,B/C,iPhone 12 Pro Max,128GB
IP12PROMAX128SC,Silver,C,iPhone 12 Pro Max,128GB
IP12PROMAX128SI,Silver,I,iPhone 12 Pro Max,128GB
IP12PROMAX128SNOI,Silver,NOI,iPhone 12 Pro Max,128GB
IP12PROMAX128GBC,Gold,B/C,iPhone 12 Pro Max,128GB
IP12PROMAX128GC,Gold,C,iPhone 12 Pro Max,128GB
IP12PROMAX256GRAA,Graphite,A,iPhone 12 Pro Max,256GB
IP12PROMAX256GRAAA,Graphite,A+,iPhone 12 Pro Max,256GB
IP12PROMAX256GRAAB,Graphite,A/B,iPhone 12 Pro Max,256GB
IP12PROMAX256GRABC,Graphite,B/C,iPhone 12 Pro Max,256GB
IP12PROMAX256GRAC,Graphite,C,iPhone 12 Pro Max,256GB
IP12PROMAX256PBA,Pacific Blue,A,iPhone 12 Pro Max,256GB
IP12PROMAX256PBAA,Pacific Blue,A+,iPhone 12 Pro Max,256GB
IP12PROMAX256PBAB,Pacific Blue,A/B,iPhone 12 Pro Max,256GB
IP12PROMAX256PBBC,Pacific Blue,B/C,iPhone 12 Pro Max,256GB
IP12PROMAX256PBC,Pacific Blue,C,iPhone 12 Pro Max,256GB
IP12PROMAX256PBI,Pacific Blue,I,iPhone 12 Pro Max,256GB
IP12PROMAX256PBNOI,Pacific Blue,NOI,iPhone 12 Pro Max,256GB
IP12PROMAX256SA,Silver,A,iPhone 12 Pro Max,256GB
IP12PROMAX256SAA,Silver,A+,iPhone 12 Pro Max,256GB
IP12PROMAX256SAB,Silver,A/B,iPhone 12 Pro Max,256GB
IP12PROMAX256SBC,Silver,B/C,iPhone 12 Pro Max,256GB
IP12PROMAX256SC,Silver,C,iPhone 12 Pro Max,256GB
IP12PROMAX256SI,Silver,I,iPhone 12 Pro Max,256GB
IP12PROMAX256SNOI,Silver,NOI,iPhone 12 Pro Max,256GB
IP12PROMAX128GI,Gold,I,iPhone 12 Pro Max,128GB
IP12PROMAX128GNOI,Gold,NOI,iPhone 12 Pro Max,128GB
IP12PROMAX512GRAA,Graphite,A,iPhone 12 Pro Max,512GB
IP12PROMAX512GRAAA,Graphite,A+,iPhone 12 Pro Max,512GB
IP12PROMAX512GRAAB,Graphite,A/B,iPhone 12 Pro Max,512GB
IP12PROMAX512GRABC,Graphite,B/C,iPhone 12 Pro Max,512GB
IP12PROMAX512GRAC,Graphite,C,iPhone 12 Pro Max,512GB
IP12PROMAX511PROMAXBA,Pacific Blue,A,iPhone 12 Pro Max,512GB
IP12PROMAX511PROMAXBAA,Pacific Blue,A+,iPhone 12 Pro Max,512GB
IP12PROMAX511PROMAXBAB,Pacific Blue,A/B,iPhone 12 Pro Max,512GB
IP12PROMAX511PROMAXBBC,Pacific Blue,B/C,iPhone 12 Pro Max,512GB
IP12PROMAX511PROMAXBC,Pacific Blue,C,iPhone 12 Pro Max,512GB
IP12PROMAX511PROMAXBI,Pacific Blue,I,iPhone 12 Pro Max,512GB
IP12PROMAX511PROMAXBNOI,Pacific Blue,NOI,iPhone 12 Pro Max,512GB
IP12PROMAX512SA,Silver,A,iPhone 12 Pro Max,512GB
IP12PROMAX512SAA,Silver,A+,iPhone 12 Pro Max,512GB
IP12PROMAX512SAB,Silver,A/B,iPhone 12 Pro Max,512GB
IP12PROMAX512SBC,Silver,B/C,iPhone 12 Pro Max,512GB
IP12PROMAX512SC,Silver,C,iPhone 12 Pro Max,512GB
IP12PROMAX512SI,Silver,I,iPhone 12 Pro Max,512GB
IP12PROMAX512SNOI,Silver,NOI,iPhone 12 Pro Max,512GB
IP12PROMAX256GI,Gold,I,iPhone 12 Pro Max,256GB
IP12PROMAX256GNOI,Gold,NOI,iPhone 12 Pro Max,256GB
IP12PROMAX512GRI,Gold,I,iPhone 12 Pro Max,512GB
IP12PROMAX64GRAA,Graphite,A,iPhone 12 Pro Max,64GB
IP12PROMAX64GRAAA,Graphite,A+,iPhone 12 Pro Max,64GB
IP12PROMAX64GRAAB,Graphite,A/B,iPhone 12 Pro Max,64GB
IP12PROMAX64GRABC,Graphite,B/C,iPhone 12 Pro Max,64GB
IP12PROMAX64PBA,Pacific Blue,A,iPhone 12 Pro Max,64GB
IP12PROMAX64PBAA,Pacific Blue,A+,iPhone 12 Pro Max,64GB
IP12PROMAX64PBAB,Pacific Blue,A/B,iPhone 12 Pro Max,64GB
IP12PROMAX64PBBC,Pacific Blue,B/C,iPhone 12 Pro Max,64GB
IP12PROMAX64PBC,Pacific Blue,C,iPhone 12 Pro Max,64GB
IP12PROMAX64PBI,Pacific Blue,I,iPhone 12 Pro Max,64GB
IP12PROMAX64PBNOI,Pacific Blue,NOI,iPhone 12 Pro Max,64GB
IP12PROMAX64SA,Silver,A,iPhone 12 Pro Max,64GB
IP12PROMAX64SAA,Silver,A+,iPhone 12 Pro Max,64GB
IP12PROMAX64SAB,Silver,A/B,iPhone 12 Pro Max,64GB
IP12PROMAX64SBC,Silver,B/C,iPhone 12 Pro Max,64GB
IP12PROMAX64SC,Silver,C,iPhone 12 Pro Max,64GB
IP12PROMAX64SI,Silver,I,iPhone 12 Pro Max,64GB
IP12PROMAX64SNOI,Silver,NOI,iPhone 12 Pro Max,64GB
IP12PRO128GA,Gold,C,iPhone 12 Pro,128GB
IP12PRO128GAB,Gold,A/B,iPhone 12 Pro,128GB
IP12PRO128GB,Gold,B,iPhone 12 Pro,128GB
IP12PRO128GBC,Gold,B/C,iPhone 12 Pro,128GB
IP12PRO128GC,Gold,C,iPhone 12 Pro,128GB
IP12PRO128GI,Gold,I,iPhone 12 Pro,128GB
IP12PRO128GNOI,Gold,NOI,iPhone 12 Pro,128GB
IP12PRO128GRAA,Graphite,A,iPhone 12 Pro,128GB
IP12PRO128GRAAA,Graphite,A+,iPhone 12 Pro,128GB
IP12PRO128GRAAB,Graphite,A/B,iPhone 12 Pro,128GB
IP12PRO128GRABC,Graphite,B/C,iPhone 12 Pro,128GB
IP12PRO128GRAI,Graphite,I,iPhone 12 Pro,128GB
IP12PRO128PBA,Pacific Blue,A,iPhone 12 Pro,128GB
IP12PRO128PBAA,Pacific Blue,A+,iPhone 12 Pro,128GB
IP12PRO128PBAB,Pacific Blue,A/B,iPhone 12 Pro,128GB
IP12PRO128PBBC,Pacific Blue,B/C,iPhone 12 Pro,128GB
IP12PRO128PBC,Pacific Blue,C,iPhone 12 Pro,128GB
IP12PRO128PBI,Pacific Blue,I,iPhone 12 Pro,128GB
IP12PRO128PBNOI,Pacific Blue,NOI,iPhone 12 Pro,128GB
IP12PRO128SA,Silver,A,iPhone 12 Pro,128GB
IP12PRO128SAA,Silver,A+,iPhone 12 Pro,128GB
IP12PRO128SAB,Silver,A/B,iPhone 12 Pro,128GB
IP12PRO128SBC,Silver,B/C,iPhone 12 Pro,128GB
IP12PRO128SC,Silver,C,iPhone 12 Pro,128GB
IP12PRO128SI,Silver,I,iPhone 12 Pro,128GB
IP12PRO128SNOI,Silver,NOI,iPhone 12 Pro,128GB
IP12PRO256GI,Gold,I,iPhone 12 Pro,256GB
IP12PRO256GNOI,Gold,NOI,iPhone 12 Pro,256GB
IP12PRO256GRAA,Graphite,A,iPhone 12 Pro,256GB
IP12PRO256GRAAA,Graphite,A+,iPhone 12 Pro,256GB
IP12PRO256GRAAB,Graphite,A/B,iPhone 12 Pro,256GB
IP12PRO256GRABC,Graphite,B/C,iPhone 12 Pro,256GB
IP12PRO256GRAC,Graphite,C,iPhone 12 Pro,256GB
IP12PRO256PBA,Pacific Blue,A,iPhone 12 Pro,256GB
IP12PRO256PBAA,Pacific Blue,A+,iPhone 12 Pro,256GB
IP12PRO256PBAB,Pacific Blue,A/B,iPhone 12 Pro,256GB
IP12PRO256PBBC,Pacific Blue,B/C,iPhone 12 Pro,256GB
IP12PRO256PBC,Pacific Blue,C,iPhone 12 Pro,256GB
IP12PRO256PBI,Pacific Blue,I,iPhone 12 Pro,256GB
IP12PRO256PBNOI,Pacific Blue,NOI,iPhone 12 Pro,256GB
IP12PRO256SA,Silver,A,iPhone 12 Pro,256GB
IP12PRO256SAA,Silver,A+,iPhone 12 Pro,256GB
IP12PRO256SAB,Silver,A/B,iPhone 12 Pro,256GB
IP12PRO256SBC,Silver,B/C,iPhone 12 Pro,256GB
IP12PRO256SC,Silver,C,iPhone 12 Pro,256GB
IP12PRO256SI,Silver,I,iPhone 12 Pro,256GB
IP12PRO256SNOI,Silver,NOI,iPhone 12 Pro,256GB
IP12PRO512GRI,Gold,I,iPhone 12 Pro,512GB
IP12PRO512GRNOI,Gold,NOI,iPhone 12 Pro,512GB
IP12PRO512GRAA,Graphite,A,iPhone 12 Pro,512GB
IP12PRO512GRAAA,Graphite,A+,iPhone 12 Pro,512GB
IP12PRO512GRAAB,Graphite,A/B,iPhone 12 Pro,512GB
IP12PRO512GRABC,Graphite,B/C,iPhone 12 Pro,512GB
IP12PRO512GRAC,Graphite,C,iPhone 12 Pro,512GB
IP12PRO512PROBA,Pacific Blue,A,iPhone 12 Pro,512GB
IP12PRO512PROBAA,Pacific Blue,A+,iPhone 12 Pro,512GB
IP12PRO512PROBAB,Pacific Blue,A/B,iPhone 12 Pro,512GB
IP12PRO512PROBBC,Pacific Blue,B/C,iPhone 12 Pro,512GB
IP12PRO512PROBC,Pacific Blue,C,iPhone 12 Pro,512GB
IP12PRO512PROBI,Pacific Blue,I,iPhone 12 Pro,512GB
IP12PRO512PROBNOI,Pacific Blue,NOI,iPhone 12 Pro,512GB
IP12PRO512SA,Silver,A,iPhone 12 Pro,512GB
IP12PRO512SAA,Silver,A+,iPhone 12 Pro,512GB
IP12PRO512SAB,Silver,A/B,iPhone 12 Pro,512GB
IP12PRO512SBC,Silver,B/C,iPhone 12 Pro,512GB
IP12PRO512SC,Silver,C,iPhone 12 Pro,512GB
IP12PRO512SI,Silver,I,iPhone 12 Pro,512GB
IP12PRO512SNOI,Silver,NOI,iPhone 12 Pro,512GB
IP12PRO64GRC,Gold,C,iPhone 12 Pro,64GB
IP12PRO64GRI,Gold,I,iPhone 12 Pro,64GB
IP12PRO64GRNOI,Gold,NOI,iPhone 12 Pro,64GB
IP12PRO64GRAA,Graphite,A,iPhone 12 Pro,64GB
IP12PRO64GRAAA,Graphite,A+,iPhone 12 Pro,64GB
IP12PRO64GRAAB,Graphite,A/B,iPhone 12 Pro,64GB
IP12PRO64GRAA,Graphite,B/C,iPhone 12 Pro,64GB
IP12PRO64PBA,Pacific Blue,A,iPhone 12 Pro,64GB
IP12PRO64PBAA,Pacific Blue,A+,iPhone 12 Pro,64GB
IP12PRO64PBAB,Pacific Blue,A/B,iPhone 12 Pro,64GB
IP12PRO64PBBC,Pacific Blue,B/C,iPhone 12 Pro,64GB
IP12PRO64PBC,Pacific Blue,C,iPhone 12 Pro,64GB
IP12PRO64PBI,Pacific Blue,I,iPhone 12 Pro,64GB
IP12PRO64PBNOI,Pacific Blue,NOI,iPhone 12 Pro,64GB
IP12PRO64SA,Silver,A,iPhone 12 Pro,64GB
IP12PRO64SAA,Silver,A+,iPhone 12 Pro,64GB
IP12PRO64SAB,Silver,A/B,iPhone 12 Pro,64GB
IP12PRO64SBC,Silver,B/C,iPhone 12 Pro,64GB
IP12PRO64SC,Silver,C,iPhone 12 Pro,64GB
IP12PRO64SI,Silver,I,iPhone 12 Pro,64GB
IP12PRO64SNOI,Silver,NOI,iPhone 12 Pro,64GB
IP12128BA,Black,A,iPhone 12,128GB
IP12128BAA,Black,A+,iPhone 12,128GB
IP12128BAB,Black,A/B,iPhone 12,128GB
IP12128BBC,Black,B/C,iPhone 12,128GB
IP12128BC,Black,C,iPhone 12,128GB
IP12128BI,Black,I,iPhone 12,128GB
IP12128BNOI,Black,NOI,iPhone 12,128GB
IP12128BLA,Blue,A,iPhone 12,128GB
IP12128BLAA,Blue,A+,iPhone 12,128GB
IP12128BLAB,Blue,A/B,iPhone 12,128GB
IP12128BLBC,Blue,B/C,iPhone 12,128GB
IP12128BLC,Blue,C,iPhone 12,128GB
IP12128BLI,Blue,I,iPhone 12,128GB
IP12128BLNOI,Blue,NOI,iPhone 12,128GB
IP12128GRA,Green,A,iPhone 12,128GB
IP12128GRAA,Green,A+,iPhone 12,128GB
IP12128GRAB,Green,A/B,iPhone 12,128GB
IP12128GRBC,Green,B/C,iPhone 12,128GB
IP12128GRC,Green,C,iPhone 12,128GB
IP12128GRI,Green,I,iPhone 12,128GB
IP12128GRNOI,Green,NOI,iPhone 12,128GB
IP12128PA,Purple,A,iPhone 12,128GB
IP12128PAA,Purple,A+,iPhone 12,128GB
IP12128PAB,Purple,A/B,iPhone 12,128GB
IP12128PBC,Purple,B/C,iPhone 12,128GB
IP12128PC,Purple,C,iPhone 12,128GB
IP12128PI,Purple,I,iPhone 12,128GB
IP12128PNOI,Purple,NOI,iPhone 12,128GB
IP12128RA,Red,A,iPhone 12,128GB
IP12128RAA,Red,A+,iPhone 12,128GB
IP12128RAB,Red,A/B,iPhone 12,128GB
IP12128RBC,Red,B/C,iPhone 12,128GB
IP12128RC,Red,C,iPhone 12,128GB
IP12128RI,Red,I,iPhone 12,128GB
IP12128RNOI,Red,NOI,iPhone 12,128GB
IP12128WA,White,A,iPhone 12,128GB
IP12128WAA,White,A+,iPhone 12,128GB
IP12128WAB,White,A/B,iPhone 12,128GB
IP12128WBC,White,B/C,iPhone 12,128GB
IP12128WC,White,C,iPhone 12,128GB
IP12128WI,White,I,iPhone 12,128GB
IP12128WNOI,White,NOI,iPhone 12,128GB
IP12256BA,Black,A,iPhone 12,256GB
IP12256BAA,Black,A+,iPhone 12,256GB
IP12256BAB,Black,A/B,iPhone 12,256GB
IP12256BBC,Black,B/C,iPhone 12,256GB
IP12256BC,Black,C,iPhone 12,256GB
IP12256BI,Black,I,iPhone 12,256GB
IP12256BNOI,Black,NOI,iPhone 12,256GB
IP12256BLA,Blue,A,iPhone 12,256GB
IP12256BLAA,Blue,A+,iPhone 12,256GB
IP12256BLAB,Blue,A/B,iPhone 12,256GB
IP12256BLBC,Blue,B/C,iPhone 12,256GB
IP12256BLC,Blue,C,iPhone 12,256GB
IP12256BLI,Blue,I,iPhone 12,256GB
IP12256BLNOI,Blue,NOI,iPhone 12,256GB
IP12256GRA,Green,A,iPhone 12,256GB
IP12256GRAA,Green,A+,iPhone 12,256GB
IP12256GRAB,Green,A/B,iPhone 12,256GB
IP12256GRBC,Green,B/C,iPhone 12,256GB
IP12256GRC,Green,C,iPhone 12,256GB
IP12256GRI,Green,I,iPhone 12,256GB
IP12256GRNOI,Green,NOI,iPhone 12,256GB
IP12256PA,Purple,A,iPhone 12,256GB
IP12256PAA,Purple,A+,iPhone 12,256GB
IP12256PAB,Purple,A/B,iPhone 12,256GB
IP12256PBC,Purple,B/C,iPhone 12,256GB
IP12256PC,Purple,C,iPhone 12,256GB
IP12256PI,Purple,I,iPhone 12,256GB
IP12256PNOI,Purple,NOI,iPhone 12,256GB
IP12256RA,Red,A,iPhone 12,256GB
IP12256RAA,Red,A+,iPhone 12,256GB
IP12256RAB,Red,A/B,iPhone 12,256GB
IP12256RBC,Red,B/C,iPhone 12,256GB
IP12256RC,Red,C,iPhone 12,256GB
IP12256RI,Red,I,iPhone 12,256GB
IP12256RNOI,Red,NOI,iPhone 12,256GB
IP12256WA,White,A,iPhone 12,256GB
IP12256WAA,White,A+,iPhone 12,256GB
IP12256WAB,White,A/B,iPhone 12,256GB
IP12256WBC,White,B/C,iPhone 12,256GB
IP12256WC,White,C,iPhone 12,256GB
IP12256WI,White,I,iPhone 12,256GB
IP12256WNOI,White,NOI,iPhone 12,256GB
IP1264BA,Black,A,iPhone 12,64GB
IP1264BAA,Black,A+,iPhone 12,64GB
IP1264BAB,Black,A/B,iPhone 12,64GB
IP1264BBC,Black,B/C,iPhone 12,64GB
IP1264BC,Black,C,iPhone 12,64GB
IP1264BI,Black,I,iPhone 12,64GB
IP1264BNOI,Black,NOI,iPhone 12,64GB
IP1264BLA,Blue,A,iPhone 12,64GB
IP1264BLAA,Blue,A+,iPhone 12,64GB
IP1264BLAB,Blue,A/B,iPhone 12,64GB
IP1264BLBC,Blue,B/C,iPhone 12,64GB
IP1264BLC,Blue,C,iPhone 12,64GB
IP1264BLI,Blue,I,iPhone 12,64GB
IP1264BLNOI,Blue,NOI,iPhone 12,64GB
IP1264GRA,Green,A,iPhone 12,64GB
IP1264GRAA,Green,A+,iPhone 12,64GB
IP1264GRAB,Green,A/B,iPhone 12,64GB
IP1264GRBC,Green,B/C,iPhone 12,64GB
IP1264GRC,Green,C,iPhone 12,64GB
IP1264GRI,Green,I,iPhone 12,64GB
IP1264GRNOI,Green,NOI,iPhone 12,64GB
IP1264PA,Purple,A,iPhone 12,64GB
IP1264PAA,Purple,A+,iPhone 12,64GB
IP1264PAB,Purple,A/B,iPhone 12,64GB
IP1264PBC,Purple,B/C,iPhone 12,64GB
IP1264PC,Purple,C,iPhone 12,64GB
IP1264PI,Purple,I,iPhone 12,64GB
IP1264PNOI,Purple,NOI,iPhone 12,64GB
IP1264RA,Red,A,iPhone 12,64GB
IP1264RAA,Red,A+,iPhone 12,64GB
IP1264RAB,Red,A/B,iPhone 12,64GB
IP1264RBC,Red,B/C,iPhone 12,64GB
IP1264RC,Red,C,iPhone 12,64GB
IP1264RI,Red,I,iPhone 12,64GB
IP1264RNOI,Red,NOI,iPhone 12,64GB
IP1264WA,White,A,iPhone 12,64GB
IP1264WAA,White,A+,iPhone 12,64GB
IP1264WAB,White,A/B,iPhone 12,64GB
IP1264WBC,White,B/C,iPhone 12,64GB
IP1264WC,White,C,iPhone 12,64GB
IP1264WI,White,I,iPhone 12,64GB
IP1264WNOI,White,NOI,iPhone 12,64GB
IP13MINI128MA,Midnight,A,iPhone 13 mini,128GB
IP13MINI128MAA,Midnight,A+,iPhone 13 mini,128GB
IP13MINI128MAB,Midnight,A/B,iPhone 13 mini,128GB
IP13MINI128MBC,Midnight,B/C,iPhone 13 mini,128GB
IP13MINI128MC,Midnight,C,iPhone 13 mini,128GB
IP13MINI128MINI,Midnight,I,iPhone 13 mini,128GB
IP13MINI128MNOI,Midnight,NOI,iPhone 13 mini,128GB
IP13MINI128BLA,Blue,A,iPhone 13 mini,128GB
IP13MINI128BLAA,Blue,A+,iPhone 13 mini,128GB
IP13MINI128BLAB,Blue,A/B,iPhone 13 mini,128GB
IP13MINI128BLBC,Blue,B/C,iPhone 13 mini,128GB
IP13MINI128BLC,Blue,C,iPhone 13 mini,128GB
IP13MINI128BLI,Blue,I,iPhone 13 mini,128GB
IP13MINI128BLNOI,Blue,NOI,iPhone 13 mini,128GB
IP13MINI128PA,Pink,A,iPhone 13 mini,128GB
IP13MINI128PAA,Pink,A+,iPhone 13 mini,128GB
IP13MINI128PAB,Pink,A/B,iPhone 13 mini,128GB
IP13MINI128PBC,Pink,B/C,iPhone 13 mini,128GB
IP13MINI128PC,Pink,C,iPhone 13 mini,128GB
IP13MINI128PI,Pink,I,iPhone 13 mini,128GB
IP13MINI128PNOI,Pink,NOI,iPhone 13 mini,128GB
IP13MINI128RA,Red,A,iPhone 13 mini,128GB
IP13MINI128RAA,Red,A+,iPhone 13 mini,128GB
IP13MINI128RAB,Red,A/B,iPhone 13 mini,128GB
IP13MINI128RBC,Red,B/C,iPhone 13 mini,128GB
IP13MINI128RC,Red,C,iPhone 13 mini,128GB
IP13MINI128RI,Red,I,iPhone 13 mini,128GB
IP13MINI128RNOI,Red,NOI,iPhone 13 mini,128GB
IP13MINI128SA,Starlight,A,iPhone 13 mini,128GB
IP13MINI128SAA,Starlight,A+,iPhone 13 mini,128GB
IP13MINI128SAB,Starlight,A/B,iPhone 13 mini,128GB
IP13MINI128SBC,Starlight,B/C,iPhone 13 mini,128GB
IP13MINI128SC,Starlight,C,iPhone 13 mini,128GB
IP13MINI128SI,Starlight,I,iPhone 13 mini,128GB
IP13MINI128SNOI,Starlight,NOI,iPhone 13 mini,128GB
IP13MINI256MA,Midnight,A,iPhone 13 mini,256GB
IP13MINI256MAA,Midnight,A+,iPhone 13 mini,256GB
IP13MINI256MAB,Midnight,A/B,iPhone 13 mini,256GB
IP13MINI256MBC,Midnight,B/C,iPhone 13 mini,256GB
IP13MINI256MC,Midnight,C,iPhone 13 mini,256GB
IP13MINI256MINI,Midnight,I,iPhone 13 mini,256GB
IP13MINI256MNOI,Midnight,NOI,iPhone 13 mini,256GB
IP13MINI256BLA,Blue,A,iPhone 13 mini,256GB
IP13MINI256BLAA,Blue,A+,iPhone 13 mini,256GB
IP13MINI256BLAB,Blue,A/B,iPhone 13 mini,256GB
IP13MINI256BLBC,Blue,B/C,iPhone 13 mini,256GB
IP13MINI256BLC,Blue,C,iPhone 13 mini,256GB
IP13MINI256BLI,Blue,I,iPhone 13 mini,256GB
IP13MINI256BLNOI,Blue,NOI,iPhone 13 mini,256GB
IP13MINI256PA,Pink,A,iPhone 13 mini,256GB
IP13MINI256PAA,Pink,A+,iPhone 13 mini,256GB
IP13MINI256PAB,Pink,A/B,iPhone 13 mini,256GB
IP13MINI256PBC,Pink,B/C,iPhone 13 mini,256GB
IP13MINI256PC,Pink,C,iPhone 13 mini,256GB
IP13MINI256PI,Pink,I,iPhone 13 mini,256GB
IP13MINI256PNOI,Pink,NOI,iPhone 13 mini,256GB
IP13MINI256RA,Red,A,iPhone 13 mini,256GB
IP13MINI256RAA,Red,A+,iPhone 13 mini,256GB
IP13MINI256RAB,Red,A/B,iPhone 13 mini,256GB
IP13MINI256RBC,Red,B/C,iPhone 13 mini,256GB
IP13MINI256RC,Red,C,iPhone 13 mini,256GB
IP13MINI256RI,Red,I,iPhone 13 mini,256GB
IP13MINI256RNOI,Red,NOI,iPhone 13 mini,256GB
IP13MINI256SA,Starlight,A,iPhone 13 mini,256GB
IP13MINI256SAA,Starlight,A+,iPhone 13 mini,256GB
IP13MINI256SAB,Starlight,A/B,iPhone 13 mini,256GB
IP13MINI256SBC,Starlight,B/C,iPhone 13 mini,256GB
IP13MINI256SC,Starlight,C,iPhone 13 mini,256GB
IP13MINI256SI,Starlight,I,iPhone 13 mini,256GB
IP13MINI256SNOI,Starlight,NOI,iPhone 13 mini,256GB
IP13PROMAX128GC,Gold,C,iPhone 13 Pro Max,128GB
IP13PROMAX128GI,Gold,I,iPhone 13 Pro Max,128GB
IP13PROMAX128GAAA,Gold,A+,iPhone 13 Pro Max,128GB
IP13PROMAX128GA,Graphite,A,iPhone 13 Pro Max,128GB
IP13PROMAX128GAAA,Graphite,A+,iPhone 13 Pro Max,128GB
IP13PROMAX128GRAAB,Graphite,A/B,iPhone 13 Pro Max,128GB
IP13PROMAX128GRBC,Graphite,B/C,iPhone 13 Pro Max,128GB
IP13PROMAX128GRI,Graphite,I,iPhone 13 Pro Max,128GB
IP13PROMAX128SBA,Sierra Blue,A,iPhone 13 Pro Max,128GB
IP13PROMAX128SBAA,Sierra Blue,A+,iPhone 13 Pro Max,128GB
IP13PROMAX128SBAB,Sierra Blue,A/B,iPhone 13 Pro Max,128GB
IP13PROMAX128SBBC,Sierra Blue,B/C,iPhone 13 Pro Max,128GB
IP13PROMAX128SBC,Sierra Blue,C,iPhone 13 Pro Max,128GB
IP13PROMAX128SBI,Sierra Blue,I,iPhone 13 Pro Max,128GB
IP13PROMAX128SBNOI,Sierra Blue,NOI,iPhone 13 Pro Max,128GB
IP13PROMAX128SA,Silver,A,iPhone 13 Pro Max,128GB
IP13PROMAX128SAA,Silver,A+,iPhone 13 Pro Max,128GB
IP13PROMAX128SAB,Silver,A/B,iPhone 13 Pro Max,128GB
IP13PROMAX128SC,Silver,C,iPhone 13 Pro Max,128GB
IP13PROMAX128SI,Silver,I,iPhone 13 Pro Max,128GB
IP13PROMAX128SNOI,Silver,NOI,iPhone 13 Pro Max,128GB
IP13PROMAX128GA,Gold,A,iPhone 13 Pro Max,128GB
IP13PROMAX128GAB,Gold,A/B,iPhone 13 Pro Max,128GB
IP13PROMAX256GA,Graphite,A,iPhone 13 Pro Max,256GB
IP13PROMAX256GAA,Graphite,A+,iPhone 13 Pro Max,256GB
IP13PROMAX256GAB,Graphite,A/B,iPhone 13 Pro Max,256GB
IP13PROMAX256GBC,Graphite,B/C,iPhone 13 Pro Max,256GB
IP13PROMAX256GC,Graphite,C,iPhone 13 Pro Max,256GB
IP13PROMAX256SBA,Sierra Blue,A,iPhone 13 Pro Max,256GB
IP13PROMAX256SBAA,Sierra Blue,A+,iPhone 13 Pro Max,256GB
IP13PROMAX256SBAB,Sierra Blue,A/B,iPhone 13 Pro Max,256GB
IP13PROMAX256SBBC,Sierra Blue,B/C,iPhone 13 Pro Max,256GB
IP13PROMAX256SBC,Sierra Blue,C,iPhone 13 Pro Max,256GB
IP13PROMAX256SBI,Sierra Blue,I,iPhone 13 Pro Max,256GB
IP13PROMAX256SBNOI,Sierra Blue,NOI,iPhone 13 Pro Max,256GB
IP13PROMAX256SA,Silver,A,iPhone 13 Pro Max,256GB
IP13PROMAX256SAA,Silver,A+,iPhone 13 Pro Max,256GB
IP13PROMAX256SAB,Silver,A/B,iPhone 13 Pro Max,256GB
IP13PROMAX256SC,Silver,C,iPhone 13 Pro Max,256GB
IP13PROMAX256SI,Silver,I,iPhone 13 Pro Max,256GB
IP13PROMAX256SNOI,Silver,NOI,iPhone 13 Pro Max,256GB
IP13PROMAX128GBC,Gold,B/C,iPhone 13 Pro Max,128GB
IP13PROMAX128GNOI,Gold,NOI,iPhone 13 Pro Max,128GB
IP13PROMAX513GA,Graphite,A,iPhone 13 Pro Max,512GB
IP13PROMAX513GAA,Graphite,A+,iPhone 13 Pro Max,512GB
IP13PROMAX513GAB,Graphite,A/B,iPhone 13 Pro Max,512GB
IP13PROMAX513GBC,Graphite,B/C,iPhone 13 Pro Max,512GB
IP13PROMAX513GC,Graphite,C,iPhone 13 Pro Max,512GB
IP13PROMAX513PMBA,Sierra Blue,A,iPhone 13 Pro Max,512GB
IP13PROMAX513PMBAA,Sierra Blue,A+,iPhone 13 Pro Max,512GB
IP13PROMAX513PMBAB,Sierra Blue,A/B,iPhone 13 Pro Max,512GB
IP13PROMAX513PMBBC,Sierra Blue,B/C,iPhone 13 Pro Max,512GB
IP13PROMAX513PMBC,Sierra Blue,C,iPhone 13 Pro Max,512GB
IP13PROMAX513PMBI,Sierra Blue,I,iPhone 13 Pro Max,512GB
IP13PROMAX513PMBNOI,Sierra Blue,NOI,iPhone 13 Pro Max,512GB
IP13PROMAX513SA,Silver,A,iPhone 13 Pro Max,512GB
IP13PROMAX513SAA,Silver,A+,iPhone 13 Pro Max,512GB
IP13PROMAX513SAB,Silver,A/B,iPhone 13 Pro Max,512GB
IP13PROMAX513SBC,Silver,B/C,iPhone 13 Pro Max,512GB
IP13PROMAX513SC,Silver,C,iPhone 13 Pro Max,512GB
IP13PROMAX513SI,Silver,I,iPhone 13 Pro Max,512GB
IP13PROMAX513SNOI,Silver,NOI,iPhone 13 Pro Max,512GB
IP13PRO128GA,Gold,A,iPhone 13 Pro,128GB
IP13PRO128GAB,Gold,A/B,iPhone 13 Pro,128GB
IP13PRO128GB,Gold,C,iPhone 13 Pro,128GB
IP13PRO128GBC,Gold,B/C,iPhone 13 Pro,128GB
IP13PRO128GC,Gold,C,iPhone 13 Pro,128GB
IP13PRO128GI,Gold,I,iPhone 13 Pro,128GB
IP13PRO128GNOI,Gold,NOI,iPhone 13 Pro,128GB
IP13PRO128GRA,Graphite,A,iPhone 13 Pro,128GB
IP13PRO128GRAA,Graphite,A+,iPhone 13 Pro,128GB
IP13PRO128GRAB,Graphite,A/B,iPhone 13 Pro,128GB
IP13PRO128GRBC,Graphite,B/C,iPhone 13 Pro,128GB
IP13PRO128GRI,Graphite,I,iPhone 13 Pro,128GB
IP13PRO128SBA,Sierra Blue,A,iPhone 13 Pro,128GB
IP13PRO128SBAA,Sierra Blue,A+,iPhone 13 Pro,128GB
IP13PRO128SBAB,Sierra Blue,A/B,iPhone 13 Pro,128GB
IP13PRO128SBBC,Sierra Blue,B/C,iPhone 13 Pro,128GB
IP13PRO128SBC,Sierra Blue,C,iPhone 13 Pro,128GB
IP13PRO128SBI,Sierra Blue,I,iPhone 13 Pro,128GB
IP13PRO128SBNOI,Sierra Blue,NOI,iPhone 13 Pro,128GB
IP13PRO128SAA,Silver,A+,iPhone 13 Pro,128GB
IP13PRO128SAB,Silver,A/B,iPhone 13 Pro,128GB
IP13PRO128SC,Silver,C,iPhone 13 Pro,128GB
IP13PRO128SI,Silver,I,iPhone 13 Pro,128GB
IP13PRO128SNOI,Silver,NOI,iPhone 13 Pro,128GB
IP13PRO256GA,Gold,A,iPhone 13 Pro,256GB
IP13PRO256GAB,Gold,A/B,iPhone 13 Pro,256GB
IP13PRO256GA,Graphite,A,iPhone 13 Pro,256GB
IP13PRO256GAA,Graphite,A+,iPhone 13 Pro,256GB
IP13PRO256GAB,Graphite,A/B,iPhone 13 Pro,256GB
IP13PRO256GBC,Graphite,B/C,iPhone 13 Pro,256GB
IP13PRO256GC,Graphite,C,iPhone 13 Pro,256GB
IP13PRO256SBA,Sierra Blue,A,iPhone 13 Pro,256GB
IP13PRO256SBAA,Sierra Blue,A+,iPhone 13 Pro,256GB
IP13PRO256SBAB,Sierra Blue,A/B,iPhone 13 Pro,256GB
IP13PRO256SBBC,Sierra Blue,B/C,iPhone 13 Pro,256GB
IP13PRO256SBC,Sierra Blue,C,iPhone 13 Pro,256GB
IP13PRO256SBI,Sierra Blue,I,iPhone 13 Pro,256GB
IP13PRO256SBNOI,Sierra Blue,NOI,iPhone 13 Pro,256GB
IP13PRO256SA,Silver,A,iPhone 13 Pro,256GB
IP13PRO256SAA,Silver,A+,iPhone 13 Pro,256GB
IP13PRO256SAB,Silver,A/B,iPhone 13 Pro,256GB
IP13PRO256SC,Silver,C,iPhone 13 Pro,256GB
IP13PRO256SI,Silver,I,iPhone 13 Pro,256GB
IP13PRO256SNOI,Silver,NOI,iPhone 13 Pro,256GB
IP13PRO256GB,Gold,C,iPhone 13 Pro,256GB
IP13PRO256GBC,Gold,B/C,iPhone 13 Pro,256GB
IP13PRO513GA,Graphite,A,iPhone 13 Pro,512GB
IP13PRO513GAA,Graphite,A+,iPhone 13 Pro,512GB
IP13PRO513GAB,Graphite,A/B,iPhone 13 Pro,512GB
IP13PRO513GBC,Graphite,B/C,iPhone 13 Pro,512GB
IP13PRO513GC,Graphite,C,iPhone 13 Pro,512GB
IP13PRO513SBA,Sierra Blue,A,iPhone 13 Pro,512GB
IP13PRO513SBAA,Sierra Blue,A+,iPhone 13 Pro,512GB
IP13PRO513SBAB,Sierra Blue,A/B,iPhone 13 Pro,512GB
IP13PRO513SBBC,Sierra Blue,B/C,iPhone 13 Pro,512GB
IP13PRO513SBC,Sierra Blue,C,iPhone 13 Pro,512GB
IP13PRO513SBI,Sierra Blue,I,iPhone 13 Pro,512GB
IP13PRO513SBNOI,Sierra Blue,NOI,iPhone 13 Pro,512GB
IP13PRO513SA,Silver,A,iPhone 13 Pro,512GB
IP13PRO513SAA,Silver,A+,iPhone 13 Pro,512GB
IP13PRO513SAB,Silver,A/B,iPhone 13 Pro,512GB
IP13PRO513SC,Silver,C,iPhone 13 Pro,512GB
IP13PRO513SI,Silver,I,iPhone 13 Pro,512GB
IP13PRO513SNOI,Silver,NOI,iPhone 13 Pro,512GB
IP13128MA,Midnight,A,iPhone 13,128GB
IP13128MAA,Midnight,A+,iPhone 13,128GB
IP13128MAB,Midnight,A/B,iPhone 13,128GB
IP13128MBC,Midnight,B/C,iPhone 13,128GB
IP13128MC,Midnight,C,iPhone 13,128GB
IP13128MINI,Midnight,I,iPhone 13,128GB
IP13128MNOI,Midnight,NOI,iPhone 13,128GB
IP13128BLA,Blue,A,iPhone 13,128GB
IP13128BLAA,Blue,A+,iPhone 13,128GB
IP13128BLAB,Blue,A/B,iPhone 13,128GB
IP13128BLBC,Blue,B/C,iPhone 13,128GB
IP13128BLC,Blue,C,iPhone 13,128GB
IP13128BLI,Blue,I,iPhone 13,128GB
IP13128BLNOI,Blue,NOI,iPhone 13,128GB
IP13128PA,Pink,A,iPhone 13,128GB
IP13128PAA,Pink,A+,iPhone 13,128GB
IP13128PAB,Pink,A/B,iPhone 13,128GB
IP13128PBC,Pink,B/C,iPhone 13,128GB
IP13128PC,Pink,C,iPhone 13,128GB
IP13128PI,Pink,I,iPhone 13,128GB
IP13128PNOI,Pink,NOI,iPhone 13,128GB
IP13128RAA,Red,A+,iPhone 13,128GB
IP13128RAB,Red,A/B,iPhone 13,128GB
IP13128RBC,Red,B/C,iPhone 13,128GB
IP13128RC,Red,C,iPhone 13,128GB
IP13128RI,Red,I,iPhone 13,128GB
IP13128RNOI,Red,NOI,iPhone 13,128GB
IP13128SAA,Starlight,A+,iPhone 13,128GB
IP13128SAB,Starlight,A/B,iPhone 13,128GB
IP13128SBC,Starlight,B/C,iPhone 13,128GB
IP13128SC,Starlight,C,iPhone 13,128GB
IP13128SI,Starlight,I,iPhone 13,128GB
IP13128SNOI,Starlight,NOI,iPhone 13,128GB
IP13128RA,Red,A,iPhone 13,128GB
IP13128SA,Starlight,A,iPhone 13,128GB
IP13256MA,Midnight,A,iPhone 13,256GB
IP13256MAA,Midnight,A+,iPhone 13,256GB
IP13256MAB,Midnight,A/B,iPhone 13,256GB
IP13256MBC,Midnight,B/C,iPhone 13,256GB
IP13256MC,Midnight,C,iPhone 13,256GB
IP13256MINI,Midnight,I,iPhone 13,256GB
IP13256MNOI,Midnight,NOI,iPhone 13,256GB
IP13256BLA,Blue,A,iPhone 13,256GB
IP13256BLAA,Blue,A+,iPhone 13,256GB
IP13256BLAB,Blue,A/B,iPhone 13,256GB
IP13256BLBC,Blue,B/C,iPhone 13,256GB
IP13256BLC,Blue,C,iPhone 13,256GB
IP13256BLI,Blue,I,iPhone 13,256GB
IP13256BLNOI,Blue,NOI,iPhone 13,256GB
IP13256PA,Pink,A,iPhone 13,256GB
IP13256PAA,Pink,A+,iPhone 13,256GB
IP13256PAB,Pink,A/B,iPhone 13,256GB
IP13256PBC,Pink,B/C,iPhone 13,256GB
IP13256PC,Pink,C,iPhone 13,256GB
IP13256PI,Pink,I,iPhone 13,256GB
IP13256PNOI,Pink,NOI,iPhone 13,256GB
IP13256RA,Red,A,iPhone 13,256GB
IP13256RAA,Red,A+,iPhone 13,256GB
IP13256RAB,Red,A/B,iPhone 13,256GB
IP13256RBC,Red,B/C,iPhone 13,256GB
IP13256RC,Red,C,iPhone 13,256GB
IP13256RI,Red,I,iPhone 13,256GB
IP13256RNOI,Red,NOI,iPhone 13,256GB
IP13256SA,Starlight,A,iPhone 13,256GB
IP13256SAA,Starlight,A+,iPhone 13,256GB
IP13256SAB,Starlight,A/B,iPhone 13,256GB
IP13256SBC,Starlight,B/C,iPhone 13,256GB
IP13256SC,Starlight,C,iPhone 13,256GB
IP13256SI,Starlight,I,iPhone 13,256GB
IP13256SNOI,Starlight,NOI,iPhone 13,256GB
IP6P128GAA,Gold,A+,iPhone 6+,128GB
IP6P128GAB,Gold,A/B,iPhone 6+,128GB
IP6P128GBC,Gold,B/C,iPhone 6+,128GB
IP6P128GC,Gold,C,iPhone 6+,128GB
IP6P128GI,Gold,I,iPhone 6+,128GB
IP6P128GNOI,Gold,NOI,iPhone 6+,128GB
IP6P128SA,Silver,A,iPhone 6+,128GB
IP6P128SAA,Silver,A+,iPhone 6+,128GB
IP6P128SAB,Silver,A/B,iPhone 6+,128GB
IP6P128SBC,Silver,B/C,iPhone 6+,128GB
IP6P128SC,Silver,C,iPhone 6+,128GB
IP6P128SI,Silver,I,iPhone 6+,128GB
IP6P128SNOI,Silver,NOI,iPhone 6+,128GB
IP6P128SGA,Space Gray,A,iPhone 6+,128GB
IP6P128SGAA,Space Gray,A+,iPhone 6+,128GB
IP6P128SGAB,Space Gray,A/B,iPhone 6+,128GB
IP6P128SGBC,Space Gray,B/C,iPhone 6+,128GB
IP6P128SGC,Space Gray,C,iPhone 6+,128GB
IP6P128SGI,Space Gray,I,iPhone 6+,128GB
IP6P128SGNOI,Space Gray,NOI,iPhone 6+,128GB
IP6P16GA,Gold,A,iPhone 6+,16GB
IP6P16GAA,Gold,A+,iPhone 6+,16GB
IP6P16GAB,Gold,A/B,iPhone 6+,16GB
IP6P16GBC,Gold,B/C,iPhone 6+,16GB
IP6P16GC,Gold,C,iPhone 6+,16GB
IP6P16GI,Gold,I,iPhone 6+,16GB
IP6P16SA,Silver,A,iPhone 6+,16GB
IP6P16SAA,Silver,A+,iPhone 6+,16GB
IP6P16SAB,Silver,A/B,iPhone 6+,16GB
IP6P16SBC,Silver,B/C,iPhone 6+,16GB
IP6P16SC,Silver,C,iPhone 6+,16GB
IP6P16SI,Silver,I,iPhone 6+,16GB
IP6P16SGA,Space Gray,A,iPhone 6+,16GB
IP6P16SGAA,Space Gray,A+,iPhone 6+,16GB
IP6P16SGAB,Space Gray,A/B,iPhone 6+,16GB
IP6P16SGBC,Space Gray,B/C,iPhone 6+,16GB
IP6P16SGC,Space Gray,C,iPhone 6+,16GB
IP6P16SGI,Space Gray,I,iPhone 6+,16GB
IP6P16SGNOI,Space Gray,NOI,iPhone 6+,16GB
IP6P32SGA,Space Gray,A,iPhone 6+,32GB
IP6P32SGAA,Space Gray,A+,iPhone 6+,32GB
IP6P32SGAB,Space Gray,A/B,iPhone 6+,32GB
IP6P32SGBC,Space Gray,B/C,iPhone 6+,32GB
IP6P32SGC,Space Gray,C,iPhone 6+,32GB
IP6P32SGI,Space Gray,I,iPhone 6+,32GB
IP6P32SGNOI,Space Gray,NOI,iPhone 6+,32GB
IP6P64GA,Gold,A,iPhone 6+,64GB
IP6P64GAA,Gold,A+,iPhone 6+,64GB
IP6P64GAB,Gold,A/B,iPhone 6+,64GB
IP6P64GBC,Gold,B/C,iPhone 6+,64GB
IP6P64GC,Gold,C,iPhone 6+,64GB
IP6P64GI,Gold,I,iPhone 6+,64GB
IP6P64GNOI,Gold,NOI,iPhone 6+,64GB
IP6P64SA,Silver,A,iPhone 6+,64GB
IP6P64SAA,Silver,A+,iPhone 6+,64GB
IP6P64SAB,Silver,A/B,iPhone 6+,64GB
IP6P64SBC,Silver,B/C,iPhone 6+,64GB
IP6P64SC,Silver,C,iPhone 6+,64GB
IP6P64SI,Silver,I,iPhone 6+,64GB
IP6P64SNOI,Silver,NOI,iPhone 6+,64GB
IP6P64SGA,Space Gray,A,iPhone 6+,64GB
IP6P64SGAA,Space Gray,A+,iPhone 6+,64GB
IP6P64SGAB,Space Gray,A/B,iPhone 6+,64GB
IP6P64SGBC,Space Gray,B/C,iPhone 6+,64GB
IP6P64SGC,Space Gray,C,iPhone 6+,64GB
IP6P64SGI,Space Gray,I,iPhone 6+,64GB
IP6128GA,Gold,A,iPhone 6,128GB
IP6128GAA,Gold,A+,iPhone 6,128GB
IP6128GAB,Gold,A/B,iPhone 6,128GB
IP6128GBC,Gold,B/C,iPhone 6,128GB
IP6128GC,Gold,C,iPhone 6,128GB
IP6128GI,Gold,I,iPhone 6,128GB
IP6128GNOI,Gold,NOI,iPhone 6,128GB
IP6128SA,Silver,A,iPhone 6,128GB
IP6128SAA,Silver,A+,iPhone 6,128GB
IP6128SAB,Silver,A/B,iPhone 6,128GB
IP6128SBC,Silver,B/C,iPhone 6,128GB
IP6128SC,Silver,C,iPhone 6,128GB
IP6128SI,Silver,I,iPhone 6,128GB
IP6128SNOI,Silver,NOI,iPhone 6,128GB
IP6128SGA,Space Gray,A,iPhone 6,128GB
IP6128SGAA,Space Gray,A+,iPhone 6,128GB
IP6128SGAB,Space Gray,A/B,iPhone 6,128GB
IP6128SGBC,Space Gray,B/C,iPhone 6,128GB
IP6128SGC,Space Gray,C,iPhone 6,128GB
IP6128SGI,Space Gray,I,iPhone 6,128GB
IP6128SGNOI,Space Gray,NOI,iPhone 6,128GB
IP616GA,Gold,A,iPhone 6,16GB
IP616GAA,Gold,A+,iPhone 6,16GB
IP616GAB,Gold,A/B,iPhone 6,16GB
IP616GBC,Gold,B/C,iPhone 6,16GB
IP616GC,Gold,C,iPhone 6,16GB
IP616GI,Gold,I,iPhone 6,16GB
IP616GNOI,Gold,NOI,iPhone 6,16GB
IP616SA,Silver,A,iPhone 6,16GB
IP616SAA,Silver,A+,iPhone 6,16GB
IP616SAB,Silver,A/B,iPhone 6,16GB
IP616SBC,Silver,B/C,iPhone 6,16GB
IP616SC,Silver,C,iPhone 6,16GB
IP616SI,Silver,I,iPhone 6,16GB
IP616SNOI,Silver,NOI,iPhone 6,16GB
IP616SGA,Space Gray,A,iPhone 6,16GB
IP616SGAA,Space Gray,A+,iPhone 6,16GB
IP616SGAB,Space Gray,A/B,iPhone 6,16GB
IP616SGBC,Space Gray,B/C,iPhone 6,16GB
IP616SGC,Space Gray,C,iPhone 6,16GB
IP616SGI,Space Gray,I,iPhone 6,16GB
IP616SGNOI,Space Gray,NOI,iPhone 6,16GB
IP632SGA,Space Gray,A,iPhone 6,32GB
IP632SGAA,Space Gray,A+,iPhone 6,32GB
IP632SGAB,Space Gray,A/B,iPhone 6,32GB
IP632SGBC,Space Gray,B/C,iPhone 6,32GB
IP632SGC,Space Gray,C,iPhone 6,32GB
IP632SGI,Space Gray,I,iPhone 6,32GB
IP632SGNOI,Space Gray,NOI,iPhone 6,32GB
IP664GA,Gold,A,iPhone 6,64GB
IP664GAA,Gold,A+,iPhone 6,64GB
IP664GAB,Gold,A/B,iPhone 6,64GB
IP664GBC,Gold,B/C,iPhone 6,64GB
IP664GC,Gold,C,iPhone 6,64GB
IP664GI,Gold,I,iPhone 6,64GB
IP664GNOI,Gold,NOI,iPhone 6,64GB
IP664SA,Silver,A,iPhone 6,64GB
IP664SAA,Silver,A+,iPhone 6,64GB
IP664SAB,Silver,A/B,iPhone 6,64GB
IP664SBC,Silver,B/C,iPhone 6,64GB
IP664SC,Silver,C,iPhone 6,64GB
IP664SI,Silver,I,iPhone 6,64GB
IP664SNOI,Silver,NOI,iPhone 6,64GB
IP664SGA,Space Gray,A,iPhone 6,64GB
IP664SGAA,Space Gray,A+,iPhone 6,64GB
IP664SGAB,Space Gray,A/B,iPhone 6,64GB
IP664SGBC,Space Gray,B/C,iPhone 6,64GB
IP664SGC,Space Gray,C,iPhone 6,64GB
IP664SGI,Space Gray,I,iPhone 6,64GB
IP664SGNOI,Space Gray,NOI,iPhone 6,64GB
IP6SP128GA,Gold,A,iPhone 6s+,128GB
IP6SP128GAA,Gold,A+,iPhone 6s+,128GB
IP6SP128GAB,Gold,A/B,iPhone 6s+,128GB
IP6SP128GBC,Gold,B/C,iPhone 6s+,128GB
IP6SP128GC,Gold,C,iPhone 6s+,128GB
IP6SP128GI,Gold,I,iPhone 6s+,128GB
IP6SP128GNOI,Gold,NOI,iPhone 6s+,128GB
IP6SP128RGA,Rose Gold,A,iPhone 6s+,128GB
IP6SP128RGAA,Rose Gold,A+,iPhone 6s+,128GB
IP6SP128RGAB,Rose Gold,A/B,iPhone 6s+,128GB
IP6SP128RGBC,Rose Gold,B/C,iPhone 6s+,128GB
IP6SP128RGC,Rose Gold,C,iPhone 6s+,128GB
IP6SP128RGI,Rose Gold,I,iPhone 6s+,128GB
IP6SP128RGNOI,Rose Gold,NOI,iPhone 6s+,128GB
IP6SP128SA,Silver,A,iPhone 6s+,128GB
IP6SP128SAA,Silver,A+,iPhone 6s+,128GB
IP6SP128SAB,Silver,A/B,iPhone 6s+,128GB
IP6SP128SBC,Silver,B/C,iPhone 6s+,128GB
IP6SP128SC,Silver,C,iPhone 6s+,128GB
IP6SP128SI,Silver,I,iPhone 6s+,128GB
IP6SP128SNOI,Silver,NOI,iPhone 6s+,128GB
IP6SP128SGA,Space Gray,A,iPhone 6s+,128GB
IP6SP128SGAA,Space Gray,A+,iPhone 6s+,128GB
IP6SP128SGAB,Space Gray,A/B,iPhone 6s+,128GB
IP6SP128SGBC,Space Gray,B/C,iPhone 6s+,128GB
IP6SP128SGC,Space Gray,C,iPhone 6s+,128GB
IP6SP128SGI,Space Gray,I,iPhone 6s+,128GB
IP6SP128SGNOI,Space Gray,NOI,iPhone 6s+,128GB
IP6SP16GA,Gold,A,iPhone 6s+,16GB
IP6SP16GAA,Gold,A+,iPhone 6s+,16GB
IP6SP16GAB,Gold,A/B,iPhone 6s+,16GB
IP6SP16GBC,Gold,B/C,iPhone 6s+,16GB
IP6SP16GC,Gold,C,iPhone 6s+,16GB
IP6SP16GI,Gold,I,iPhone 6s+,16GB
IP6SP16GNOI,Gold,NOI,iPhone 6s+,16GB
IP6SP16RGA,Rose Gold,A,iPhone 6s+,16GB
IP6SP16RGAA,Rose Gold,A+,iPhone 6s+,16GB
IP6SP16RGAB,Rose Gold,A/B,iPhone 6s+,16GB
IP6SP16RGBC,Rose Gold,B/C,iPhone 6s+,16GB
IP6SP16RGC,Rose Gold,C,iPhone 6s+,16GB
IP6SP16RGI,Rose Gold,I,iPhone 6s+,16GB
IP6SP16RGNOI,Rose Gold,NOI,iPhone 6s+,16GB
IP6SP16SA,Silver,A,iPhone 6s+,16GB
IP6SP16SAA,Silver,A+,iPhone 6s+,16GB
IP6SP16SAB,Silver,A/B,iPhone 6s+,16GB
IP6SP16SBC,Silver,B/C,iPhone 6s+,16GB
IP6SP16SC,Silver,C,iPhone 6s+,16GB
IP6SP16SI,Silver,I,iPhone 6s+,16GB
IP6SP16SNOI,Silver,NOI,iPhone 6s+,16GB
IP6SP16SGA,Space Gray,A,iPhone 6s+,16GB
IP6SP16SGAA,Space Gray,A+,iPhone 6s+,16GB
IP6SP16SGAB,Space Gray,A/B,iPhone 6s+,16GB
IP6SP16SGBC,Space Gray,B/C,iPhone 6s+,16GB
IP6SP16SGC,Space Gray,C,iPhone 6s+,16GB
IP6SP16SGI,Space Gray,I,iPhone 6s+,16GB
IP6SP16SGNOI,Space Gray,NOI,iPhone 6s+,16GB
IP6SP32GA,Gold,A,iPhone 6s+,32GB
IP6SP32GAA,Gold,A+,iPhone 6s+,32GB
IP6SP32GAB,Gold,A/B,iPhone 6s+,32GB
IP6SP32GBC,Gold,B/C,iPhone 6s+,32GB
IP6SP32GC,Gold,C,iPhone 6s+,32GB
IP6SP32GI,Gold,I,iPhone 6s+,32GB
IP6SP32GNOI,Gold,NOI,iPhone 6s+,32GB
IP6SP32RGA,Rose Gold,A,iPhone 6s+,32GB
IP6SP32RGAA,Rose Gold,A+,iPhone 6s+,32GB
IP6SP32RGAB,Rose Gold,A/B,iPhone 6s+,32GB
IP6SP32RGBC,Rose Gold,B/C,iPhone 6s+,32GB
IP6SP32RGC,Rose Gold,C,iPhone 6s+,32GB
IP6SP32RGI,Rose Gold,I,iPhone 6s+,32GB
IP6SP32RGNOI,Rose Gold,NOI,iPhone 6s+,32GB
IP6SP32SA,Silver,A,iPhone 6s+,32GB
IP6SP32SAA,Silver,A+,iPhone 6s+,32GB
IP6SP32SAB,Silver,A/B,iPhone 6s+,32GB
IP6SP32SBC,Silver,B/C,iPhone 6s+,32GB
IP6SP32SC,Silver,C,iPhone 6s+,32GB
IP6SP32SI,Silver,I,iPhone 6s+,32GB
IP6SP32SNOI,Silver,NOI,iPhone 6s+,32GB
IP6SP32SGA,Space Gray,A,iPhone 6s+,32GB
IP6SP32SGAA,Space Gray,A+,iPhone 6s+,32GB
IP6SP32SGAB,Space Gray,A/B,iPhone 6s+,32GB
IP6SP32SGBC,Space Gray,B/C,iPhone 6s+,32GB
IP6SP32SGC,Space Gray,C,iPhone 6s+,32GB
IP6SP32SGI,Space Gray,I,iPhone 6s+,32GB
IP6SP32SGNOI,Space Gray,NOI,iPhone 6s+,32GB
IP6SP64GA,Gold,A,iPhone 6s+,64GB
IP6SP64GAA,Gold,A+,iPhone 6s+,64GB
IP6SP64GAB,Gold,A/B,iPhone 6s+,64GB
IP6SP64GBC,Gold,B/C,iPhone 6s+,64GB
IP6SP64GC,Gold,C,iPhone 6s+,64GB
IP6SP64GI,Gold,I,iPhone 6s+,64GB
IP6SP64GNOI,Gold,NOI,iPhone 6s+,64GB
IP6SP64RGA,Rose Gold,A,iPhone 6s+,64GB
IP6SP64RGAA,Rose Gold,A+,iPhone 6s+,64GB
IP6SP64RGAB,Rose Gold,A/B,iPhone 6s+,64GB
IP6SP64RGBC,Rose Gold,B/C,iPhone 6s+,64GB
IP6SP64RGC,Rose Gold,C,iPhone 6s+,64GB
IP6SP64RGI,Rose Gold,I,iPhone 6s+,64GB
IP6SP64RGNOI,Rose Gold,NOI,iPhone 6s+,64GB
IP6SP64SA,Silver,A,iPhone 6s+,64GB
IP6SP64SAA,Silver,A+,iPhone 6s+,64GB
IP6SP64SAB,Silver,A/B,iPhone 6s+,64GB
IP6SP64SBC,Silver,B/C,iPhone 6s+,64GB
IP6SP64SC,Silver,C,iPhone 6s+,64GB
IP6SP64SI,Silver,I,iPhone 6s+,64GB
IP6SP64SNOI,Silver,NOI,iPhone 6s+,64GB
IP6SP64SGA,Space Gray,A,iPhone 6s+,64GB
IP6SP64SGAA,Space Gray,A+,iPhone 6s+,64GB
IP6SP64SGAB,Space Gray,A/B,iPhone 6s+,64GB
IP6SP64SGBC,Space Gray,B/C,iPhone 6s+,64GB
IP6SP64SGC,Space Gray,C,iPhone 6s+,64GB
IP6SP64SGI,Space Gray,I,iPhone 6s+,64GB
IP6SP64SGNOI,Space Gray,NOI,iPhone 6s+,64GB
IP6S128GA,Gold,A,iPhone 6s,128GB
IP6S128GAA,Gold,A+,iPhone 6s,128GB
IP6S128GAB,Gold,A/B,iPhone 6s,128GB
IP6S128GBC,Gold,B/C,iPhone 6s,128GB
IP6S128GC,Gold,C,iPhone 6s,128GB
IP6S128GI,Gold,I,iPhone 6s,128GB
IP6S128GNOI,Gold,NOI,iPhone 6s,128GB
IP6S128RGA,Rose Gold,A,iPhone 6s,128GB
IP6S128RGAA,Rose Gold,A+,iPhone 6s,128GB
IP6S128RGAB,Rose Gold,A/B,iPhone 6s,128GB
IP6S128RGBC,Rose Gold,B/C,iPhone 6s,128GB
IP6S128RGC,Rose Gold,C,iPhone 6s,128GB
IP6S128RGI,Rose Gold,I,iPhone 6s,128GB
IP6S128RGNOI,Rose Gold,NOI,iPhone 6s,128GB
IP6S128SA,Silver,A,iPhone 6s,128GB
IP6S128SAA,Silver,A+,iPhone 6s,128GB
IP6S128SAB,Silver,A/B,iPhone 6s,128GB
IP6S128SBC,Silver,B/C,iPhone 6s,128GB
IP6S128SC,Silver,C,iPhone 6s,128GB
IP6S128SI,Silver,I,iPhone 6s,128GB
IP6S128SNOI,Silver,NOI,iPhone 6s,128GB
IP6S128SGA,Space Gray,A,iPhone 6s,128GB
IP6S128SGAA,Space Gray,A+,iPhone 6s,128GB
IP6S128SGAB,Space Gray,A/B,iPhone 6s,128GB
IP6S128SGBC,Space Gray,B/C,iPhone 6s,128GB
IP6S128SGC,Space Gray,C,iPhone 6s,128GB
IP6S128SGI,Space Gray,I,iPhone 6s,128GB
IP6S128SGNOI,Space Gray,NOI,iPhone 6s,128GB
IP6S16GA,Gold,A,iPhone 6s,16GB
IP6S16GAA,Gold,A+,iPhone 6s,16GB
IP6S16GAB,Gold,A/B,iPhone 6s,16GB
IP6S16GBC,Gold,B/C,iPhone 6s,16GB
IP6S16GC,Gold,C,iPhone 6s,16GB
IP6S16GI,Gold,I,iPhone 6s,16GB
IP6S16GNOI,Gold,NOI,iPhone 6s,16GB
IP6S16RGA,Rose Gold,A,iPhone 6s,16GB
IP6S16RGAA,Rose Gold,A+,iPhone 6s,16GB
IP6S16RGAB,Rose Gold,A/B,iPhone 6s,16GB
IP6S16RGBC,Rose Gold,B/C,iPhone 6s,16GB
IP6S16RGC,Rose Gold,C,iPhone 6s,16GB
IP6S16RGI,Rose Gold,I,iPhone 6s,16GB
IP6S16RGNOI,Rose Gold,NOI,iPhone 6s,16GB
IP6S16SA,Silver,A,iPhone 6s,16GB
IP6S16SAA,Silver,A+,iPhone 6s,16GB
IP6S16SAB,Silver,A/B,iPhone 6s,16GB
IP6S16SBC,Silver,B/C,iPhone 6s,16GB
IP6S16SC,Silver,C,iPhone 6s,16GB
IP6S16SI,Silver,I,iPhone 6s,16GB
IP6S16SNOI,Silver,NOI,iPhone 6s,16GB
IP6S16SGA,Space Gray,A,iPhone 6s,16GB
IP6S16SGAA,Space Gray,A+,iPhone 6s,16GB
IP6S16SGAB,Space Gray,A/B,iPhone 6s,16GB
IP6S16SGBC,Space Gray,B/C,iPhone 6s,16GB
IP6S16SGC,Space Gray,C,iPhone 6s,16GB
IP6S16SGI,Space Gray,I,iPhone 6s,16GB
IP6S16SGNOI,Space Gray,NOI,iPhone 6s,16GB
IP6S32GA,Gold,A,iPhone 6s,32GB
IP6S32GAA,Gold,A+,iPhone 6s,32GB
IP6S32GAB,Gold,A/B,iPhone 6s,32GB
IP6S32GBC,Gold,B/C,iPhone 6s,32GB
IP6S32GC,Gold,C,iPhone 6s,32GB
IP6S32GI,Gold,I,iPhone 6s,32GB
IP6S32GNOI,Gold,NOI,iPhone 6s,32GB
IP6S32RGA,Rose Gold,A,iPhone 6s,32GB
IP6S32RGAA,Rose Gold,A+,iPhone 6s,32GB
IP6S32RGAB,Rose Gold,A/B,iPhone 6s,32GB
IP6S32RGBC,Rose Gold,B/C,iPhone 6s,32GB
IP6S32RGC,Rose Gold,C,iPhone 6s,32GB
IP6S32RGI,Rose Gold,I,iPhone 6s,32GB
IP6S32RGNOI,Rose Gold,NOI,iPhone 6s,32GB
IP6S32SA,Silver,A,iPhone 6s,32GB
IP6S32SAA,Silver,A+,iPhone 6s,32GB
IP6S32SAB,Silver,A/B,iPhone 6s,32GB
IP6S32SBC,Silver,B/C,iPhone 6s,32GB
IP6S32SC,Silver,C,iPhone 6s,32GB
IP6S32SI,Silver,I,iPhone 6s,32GB
IP6S32SNOI,Silver,NOI,iPhone 6s,32GB
IP6S32SGA,Space Gray,A,iPhone 6s,32GB
IP6S32SGAA,Space Gray,A+,iPhone 6s,32GB
IP6S32SGAB,Space Gray,A/B,iPhone 6s,32GB
IP6S32SGBC,Space Gray,B/C,iPhone 6s,32GB
IP6S32SGC,Space Gray,C,iPhone 6s,32GB
IP6S32SGI,Space Gray,I,iPhone 6s,32GB
IP6S32SGNOI,Space Gray,NOI,iPhone 6s,32GB
IP6S64GA,Gold,A,iPhone 6s,64GB
IP6S64GAA,Gold,A+,iPhone 6s,64GB
IP6S64GAB,Gold,A/B,iPhone 6s,64GB
IP6S64GBC,Gold,B/C,iPhone 6s,64GB
IP6S64GC,Gold,C,iPhone 6s,64GB
IP6S64GI,Gold,I,iPhone 6s,64GB
IP6S64GNOI,Gold,NOI,iPhone 6s,64GB
IP6S64RGA,Rose Gold,A,iPhone 6s,64GB
IP6S64RGAA,Rose Gold,A+,iPhone 6s,64GB
IP6S64RGAB,Rose Gold,A/B,iPhone 6s,64GB
IP6S64RGBC,Rose Gold,B/C,iPhone 6s,64GB
IP6S64RGC,Rose Gold,C,iPhone 6s,64GB
IP6S64RGI,Rose Gold,I,iPhone 6s,64GB
IP6S64RGNOI,Rose Gold,NOI,iPhone 6s,64GB
IP6S64SA,Silver,A,iPhone 6s,64GB
IP6S64SAA,Silver,A+,iPhone 6s,64GB
IP6S64SAB,Silver,A/B,iPhone 6s,64GB
IP6S64SBC,Silver,B/C,iPhone 6s,64GB
IP6S64SC,Silver,C,iPhone 6s,64GB
IP6S64SI,Silver,I,iPhone 6s,64GB
IP6S64SNOI,Silver,NOI,iPhone 6s,64GB
IP6S64SGA,Space Gray,A,iPhone 6s,64GB
IP6S64SGAA,Space Gray,A+,iPhone 6s,64GB
IP6S64SGAB,Space Gray,A/B,iPhone 6s,64GB
IP6S64SGBC,Space Gray,B/C,iPhone 6s,64GB
IP6S64SGC,Space Gray,C,iPhone 6s,64GB
IP6S64SGI,Space Gray,I,iPhone 6s,64GB
IP6S64SGNOI,Space Gray,NOI,iPhone 6s,64GB
IP7P128GA,Gold,A,iPhone 7+,128GB
IP7P128GAA,Gold,A+,iPhone 7+,128GB
IP7P128GAB,Gold,A/B,iPhone 7+,128GB
IP7P128GBC,Gold,B/C,iPhone 7+,128GB
IP7P128GC,Gold,C,iPhone 7+,128GB
IP7P128GI,Gold,I,iPhone 7+,128GB
IP7P128GNOI,Gold,NOI,iPhone 7+,128GB
IP7P128JBA,Jet Black,A,iPhone 7+,128GB
IP7P128JBAA,Jet Black,A+,iPhone 7+,128GB
IP7P128JBAB,Jet Black,A/B,iPhone 7+,128GB
IP7P128JBBC,Jet Black,B/C,iPhone 7+,128GB
IP7P128JBC,Jet Black,C,iPhone 7+,128GB
IP7P128JBI,Jet Black,I,iPhone 7+,128GB
IP7P128JBNOI,Jet Black,NOI,iPhone 7+,128GB
IP7P128BA,Black,A,iPhone 7+,128GB
IP7P128BAA,Black,A+,iPhone 7+,128GB
IP7P128BAB,Black,A/B,iPhone 7+,128GB
IP7P128BBC,Black,B/C,iPhone 7+,128GB
IP7P128BC,Black,C,iPhone 7+,128GB
IP7P128BI,Black,I,iPhone 7+,128GB
IP7P128BNOI,Black,NOI,iPhone 7+,128GB
IP7P128RA,Red,A,iPhone 7+,128GB
IP7P128RAA,Red,A+,iPhone 7+,128GB
IP7P128RAB,Red,A/B,iPhone 7+,128GB
IP7P128RBC,Red,B/C,iPhone 7+,128GB
IP7P128RC,Red,C,iPhone 7+,128GB
IP7P128RI,Red,I,iPhone 7+,128GB
IP7P128RNOI,Red,NOI,iPhone 7+,128GB
IP7P128RGA,Rose Gold,A,iPhone 7+,128GB
IP7P128RGAA,Rose Gold,A+,iPhone 7+,128GB
IP7P128RGAB,Rose Gold,A/B,iPhone 7+,128GB
IP7P128RGBC,Rose Gold,B/C,iPhone 7+,128GB
IP7P128RGC,Rose Gold,C,iPhone 7+,128GB
IP7P128RGI,Rose Gold,I,iPhone 7+,128GB
IP7P128RGNOI,Rose Gold,NOI,iPhone 7+,128GB
IP7P128SA,Silver,A,iPhone 7+,128GB
IP7P128SAA,Silver,A+,iPhone 7+,128GB
IP7P128SAB,Silver,A/B,iPhone 7+,128GB
IP7P128SBC,Silver,B/C,iPhone 7+,128GB
IP7P128SC,Silver,C,iPhone 7+,128GB
IP7P128SI,Silver,I,iPhone 7+,128GB
IP7P128SNOI,Silver,NOI,iPhone 7+,128GB
IP7P256GA,Gold,A,iPhone 7+,256GB
IP7P256GAA,Gold,A+,iPhone 7+,256GB
IP7P256GAB,Gold,A/B,iPhone 7+,256GB
IP7P256GBC,Gold,B/C,iPhone 7+,256GB
IP7P256GC,Gold,C,iPhone 7+,256GB
IP7P256GI,Gold,I,iPhone 7+,256GB
IP7P256GNOI,Gold,NOI,iPhone 7+,256GB
IP7P256JBA,Jet Black,A,iPhone 7+,256GB
IP7P256JBAA,Jet Black,A+,iPhone 7+,256GB
IP7P256JBAB,Jet Black,A/B,iPhone 7+,256GB
IP7P256JBBC,Jet Black,B/C,iPhone 7+,256GB
IP7P256JBC,Jet Black,C,iPhone 7+,256GB
IP7P256JBI,Jet Black,I,iPhone 7+,256GB
IP7P256JBNOI,Jet Black,NOI,iPhone 7+,256GB
IP7P256BA,Black,A,iPhone 7+,256GB
IP7P256BAA,Black,A+,iPhone 7+,256GB
IP7P256BAB,Black,A/B,iPhone 7+,256GB
IP7P256BBC,Black,B/C,iPhone 7+,256GB
IP7P256BC,Black,C,iPhone 7+,256GB
IP7P256BI,Black,I,iPhone 7+,256GB
IP7P256BNOI,Black,NOI,iPhone 7+,256GB
IP7P256RA,Red,A,iPhone 7+,256GB
IP7P256RAA,Red,A+,iPhone 7+,256GB
IP7P256RAB,Red,A/B,iPhone 7+,256GB
IP7P256RBC,Red,B/C,iPhone 7+,256GB
IP7P256RC,Red,C,iPhone 7+,256GB
IP7P256RI,Red,I,iPhone 7+,256GB
IP7P256RNOI,Red,NOI,iPhone 7+,256GB
IP7P256RGA,Rose Gold,A,iPhone 7+,256GB
IP7P256RGAA,Rose Gold,A+,iPhone 7+,256GB
IP7P256RGAB,Rose Gold,A/B,iPhone 7+,256GB
IP7P256RGBC,Rose Gold,B/C,iPhone 7+,256GB
IP7P256RGC,Rose Gold,C,iPhone 7+,256GB
IP7P256RGI,Rose Gold,I,iPhone 7+,256GB
IP7P256RGNOI,Rose Gold,NOI,iPhone 7+,256GB
IP7P256SA,Silver,A,iPhone 7+,256GB
IP7P256SAA,Silver,A+,iPhone 7+,256GB
IP7P256SAB,Silver,A/B,iPhone 7+,256GB
IP7P256SBC,Silver,B/C,iPhone 7+,256GB
IP7P256SC,Silver,C,iPhone 7+,256GB
IP7P256SI,Silver,I,iPhone 7+,256GB
IP7P256SNOI,Silver,NOI,iPhone 7+,256GB
IP7P32GA,Gold,A,iPhone 7+,32GB
IP7P32GAA,Gold,A+,iPhone 7+,32GB
IP7P32GAB,Gold,A/B,iPhone 7+,32GB
IP7P32GBC,Gold,B/C,iPhone 7+,32GB
IP7P32GC,Gold,C,iPhone 7+,32GB
IP7P32GI,Gold,I,iPhone 7+,32GB
IP7P32GNOI,Gold,NOI,iPhone 7+,32GB
IP7P32JBA,Jet Black,A,iPhone 7+,32GB
IP7P32JBAA,Jet Black,A+,iPhone 7+,32GB
IP7P32JBAB,Jet Black,A/B,iPhone 7+,32GB
IP7P32JBBC,Jet Black,B/C,iPhone 7+,32GB
IP7P32JBC,Jet Black,C,iPhone 7+,32GB
IP7P32JBI,Jet Black,I,iPhone 7+,32GB
IP7P32JBNOI,Jet Black,NOI,iPhone 7+,32GB
IP7P32BA,Black,A,iPhone 7+,32GB
IP7P32BAA,Black,A+,iPhone 7+,32GB
IP7P32BAB,Black,A/B,iPhone 7+,32GB
IP7P32BBC,Black,B/C,iPhone 7+,32GB
IP7P32BC,Black,C,iPhone 7+,32GB
IP7P32BI,Black,I,iPhone 7+,32GB
IP7P32BNOI,Black,NOI,iPhone 7+,32GB
IP7P32RA,Red,A,iPhone 7+,32GB
IP7P32RAA,Red,A+,iPhone 7+,32GB
IP7P32RAB,Red,A/B,iPhone 7+,32GB
IP7P32RBC,Red,B/C,iPhone 7+,32GB
IP7P32RC,Red,C,iPhone 7+,32GB
IP7P32RI,Red,I,iPhone 7+,32GB
IP7P32RNOI,Red,NOI,iPhone 7+,32GB
IP7P32RGA,Rose Gold,A,iPhone 7+,32GB
IP7P32RGAA,Rose Gold,A+,iPhone 7+,32GB
IP7P32RGAB,Rose Gold,A/B,iPhone 7+,32GB
IP7P32RGBC,Rose Gold,B/C,iPhone 7+,32GB
IP7P32RGC,Rose Gold,C,iPhone 7+,32GB
IP7P32RGI,Rose Gold,I,iPhone 7+,32GB
IP7P32RGNOI,Rose Gold,NOI,iPhone 7+,32GB
IP7P32SA,Silver,A,iPhone 7+,32GB
IP7P32SAA,Silver,A+,iPhone 7+,32GB
IP7P32SAB,Silver,A/B,iPhone 7+,32GB
IP7P32SBC,Silver,B/C,iPhone 7+,32GB
IP7P32SC,Silver,C,iPhone 7+,32GB
IP7P32SI,Silver,I,iPhone 7+,32GB
IP7P32SNOI,Silver,NOI,iPhone 7+,32GB
IP7128GA,Gold,A,iPhone 7,128GB
IP7128GAA,Gold,A+,iPhone 7,128GB
IP7128GAB,Gold,A/B,iPhone 7,128GB
IP7128GBC,Gold,B/C,iPhone 7,128GB
IP7128GC,Gold,C,iPhone 7,128GB
IP7128GI,Gold,I,iPhone 7,128GB
IP7128GNOI,Gold,NOI,iPhone 7,128GB
IP7128JBA,Jet Black,A,iPhone 7,128GB
IP7128JBAA,Jet Black,A+,iPhone 7,128GB
IP7128JBAB,Jet Black,A/B,iPhone 7,128GB
IP7128JBBC,Jet Black,B/C,iPhone 7,128GB
IP7128JBC,Jet Black,C,iPhone 7,128GB
IP7128JBI,Jet Black,I,iPhone 7,128GB
IP7128JBNOI,Jet Black,NOI,iPhone 7,128GB
IP7128BA,Black,A,iPhone 7,128GB
IP7128BAA,Black,A+,iPhone 7,128GB
IP7128BAB,Black,A/B,iPhone 7,128GB
IP7128BBC,Black,B/C,iPhone 7,128GB
IP7128BC,Black,C,iPhone 7,128GB
IP7128BI,Black,I,iPhone 7,128GB
IP7128BNOI,Black,NOI,iPhone 7,128GB
IP7128RA,Red,A,iPhone 7,128GB
IP7128RAA,Red,A+,iPhone 7,128GB
IP7128RAB,Red,A/B,iPhone 7,128GB
IP7128RBC,Red,B/C,iPhone 7,128GB
IP7128RC,Red,C,iPhone 7,128GB
IP7128RI,Red,I,iPhone 7,128GB
IP7128RNOI,Red,NOI,iPhone 7,128GB
IP7128RGA,Rose Gold,A,iPhone 7,128GB
IP7128RGAA,Rose Gold,A+,iPhone 7,128GB
IP7128RGAB,Rose Gold,A/B,iPhone 7,128GB
IP7128RGBC,Rose Gold,B/C,iPhone 7,128GB
IP7128RGC,Rose Gold,C,iPhone 7,128GB
IP7128RGI,Rose Gold,I,iPhone 7,128GB
IP7128RGNOI,Rose Gold,NOI,iPhone 7,128GB
IP7128SA,Silver,A,iPhone 7,128GB
IP7128SAA,Silver,A+,iPhone 7,128GB
IP7128SAB,Silver,A/B,iPhone 7,128GB
IP7128SBC,Silver,B/C,iPhone 7,128GB
IP7128SC,Silver,C,iPhone 7,128GB
IP7128SI,Silver,I,iPhone 7,128GB
IP7128SNOI,Silver,NOI,iPhone 7,128GB
IP7256GA,Gold,A,iPhone 7,256GB
IP7256GAA,Gold,A+,iPhone 7,256GB
IP7256GAB,Gold,A/B,iPhone 7,256GB
IP7256GBC,Gold,B/C,iPhone 7,256GB
IP7256GC,Gold,C,iPhone 7,256GB
IP7256GI,Gold,I,iPhone 7,256GB
IP7256GNOI,Gold,NOI,iPhone 7,256GB
IP7256JBA,Jet Black,A,iPhone 7,256GB
IP7256JBAA,Jet Black,A+,iPhone 7,256GB
IP7256JBAB,Jet Black,A/B,iPhone 7,256GB
IP7256JBBC,Jet Black,B/C,iPhone 7,256GB
IP7256JBC,Jet Black,C,iPhone 7,256GB
IP7256JBI,Jet Black,I,iPhone 7,256GB
IP7256JBNOI,Jet Black,NOI,iPhone 7,256GB
IP7256BA,Black,A,iPhone 7,256GB
IP7256BAA,Black,A+,iPhone 7,256GB
IP7256BAB,Black,A/B,iPhone 7,256GB
IP7256BBC,Black,B/C,iPhone 7,256GB
IP7256BC,Black,C,iPhone 7,256GB
IP7256BI,Black,I,iPhone 7,256GB
IP7256BNOI,Black,NOI,iPhone 7,256GB
IP7256RA,Red,A,iPhone 7,256GB
IP7256RAA,Red,A+,iPhone 7,256GB
IP7256RAB,Red,A/B,iPhone 7,256GB
IP7256RBC,Red,B/C,iPhone 7,256GB
IP7256RC,Red,C,iPhone 7,256GB
IP7256RI,Red,I,iPhone 7,256GB
IP7256RNOI,Red,NOI,iPhone 7,256GB
IP7256RGA,Rose Gold,A,iPhone 7,256GB
IP7256RGAA,Rose Gold,A+,iPhone 7,256GB
IP7256RGAB,Rose Gold,A/B,iPhone 7,256GB
IP7256RGBC,Rose Gold,B/C,iPhone 7,256GB
IP7256RGC,Rose Gold,C,iPhone 7,256GB
IP7256RGI,Rose Gold,I,iPhone 7,256GB
IP7256RGNOI,Rose Gold,NOI,iPhone 7,256GB
IP7256SA,Silver,A,iPhone 7,256GB
IP7256SAA,Silver,A+,iPhone 7,256GB
IP7256SAB,Silver,A/B,iPhone 7,256GB
IP7256SBC,Silver,B/C,iPhone 7,256GB
IP7256SC,Silver,C,iPhone 7,256GB
IP7256SI,Silver,I,iPhone 7,256GB
IP7256SNOI,Silver,NOI,iPhone 7,256GB
IP732GA,Gold,A,iPhone 7,32GB
IP732GAA,Gold,A+,iPhone 7,32GB
IP732GAB,Gold,A/B,iPhone 7,32GB
IP732GBC,Gold,B/C,iPhone 7,32GB
IP732GC,Gold,C,iPhone 7,32GB
IP732GI,Gold,I,iPhone 7,32GB
IP732GNOI,Gold,NOI,iPhone 7,32GB
IP732JBA,Jet Black,A,iPhone 7,32GB
IP732JBAA,Jet Black,A+,iPhone 7,32GB
IP732JBAB,Jet Black,A/B,iPhone 7,32GB
IP732JBBC,Jet Black,B/C,iPhone 7,32GB
IP732JBC,Jet Black,C,iPhone 7,32GB
IP732JBI,Jet Black,I,iPhone 7,32GB
IP732JBNOI,Jet Black,NOI,iPhone 7,32GB
IP732BA,Black,A,iPhone 7,32GB
IP732BAA,Black,A+,iPhone 7,32GB
IP732BAB,Black,A/B,iPhone 7,32GB
IP732BBC,Black,B/C,iPhone 7,32GB
IP732BC,Black,C,iPhone 7,32GB
IP732BI,Black,I,iPhone 7,32GB
IP732BNOI,Black,NOI,iPhone 7,32GB
IP732RGA,Rose Gold,A,iPhone 7,32GB
IP732RGAA,Rose Gold,A+,iPhone 7,32GB
IP732RGAB,Rose Gold,A/B,iPhone 7,32GB
IP732RGBC,Rose Gold,B/C,iPhone 7,32GB
IP732RGC,Rose Gold,C,iPhone 7,32GB
IP732RGI,Rose Gold,I,iPhone 7,32GB
IP732RGNOI,Rose Gold,NOI,iPhone 7,32GB
IP732SA,Silver,A,iPhone 7,32GB
IP732SAA,Silver,A+,iPhone 7,32GB
IP732SAB,Silver,A/B,iPhone 7,32GB
IP732SBC,Silver,B/C,iPhone 7,32GB
IP732SC,Silver,C,iPhone 7,32GB
IP732SI,Silver,I,iPhone 7,32GB
IP732SNOI,Silver,NOI,iPhone 7,32GB
IP8P128GA,Gold,A,iPhone 8+,128GB
IP8P128GAA,Gold,A+,iPhone 8+,128GB
IP8P128GAB,Gold,A/B,iPhone 8+,128GB
IP8P128GBC,Gold,B/C,iPhone 8+,128GB
IP8P128GC,Gold,C,iPhone 8+,128GB
IP8P128GI,Gold,I,iPhone 8+,128GB
IP6P16GNOI,Gold,NOI,iPhone 8+,128GB
IP8P128RA,Red,A,iPhone 8+,128GB
IP8P128RAA,Red,A+,iPhone 8+,128GB
IP8P128RAB,Red,A/B,iPhone 8+,128GB
IP8P128RBC,Red,B/C,iPhone 8+,128GB
IP8P128RC,Red,C,iPhone 8+,128GB
IP8P128RI,Red,I,iPhone 8+,128GB
IP6P16SNOI,Red,NOI,iPhone 8+,128GB
IP8P128SA,Silver,A,iPhone 8+,128GB
IP8P128SAA,Silver,A+,iPhone 8+,128GB
IP8P128SAB,Silver,A/B,iPhone 8+,128GB
IP8P128SBC,Silver,B/C,iPhone 8+,128GB
IP8P128SC,Silver,C,iPhone 8+,128GB
IP8P128SI,Silver,I,iPhone 8+,128GB
IP6P64SGNOI,Silver,NOI,iPhone 8+,128GB
IP8P128SGA,Space Gray,A,iPhone 8+,128GB
IP8P128SGAA,Space Gray,A+,iPhone 8+,128GB
IP8P128SGAB,Space Gray,A/B,iPhone 8+,128GB
IP8P128SGBC,Space Gray,B/C,iPhone 8+,128GB
IP8P128SGC,Space Gray,C,iPhone 8+,128GB
IP8P128SGI,Space Gray,I,iPhone 8+,128GB
IP8P128SGNOI,Space Gray,NOI,iPhone 8+,128GB
IP8P256GA,Gold,A,iPhone 8+,256GB
IP8P256GAA,Gold,A+,iPhone 8+,256GB
IP8P256GAB,Gold,A/B,iPhone 8+,256GB
IP8P256GBC,Gold,B/C,iPhone 8+,256GB
IP8P256GC,Gold,C,iPhone 8+,256GB
IP8P256GI,Gold,I,iPhone 8+,256GB
IP8P256GNOI,Gold,NOI,iPhone 8+,256GB
IP8P256RA,Red,A,iPhone 8+,256GB
IP8P256RAA,Red,A+,iPhone 8+,256GB
IP8P256RAB,Red,A/B,iPhone 8+,256GB
IP8P256RBC,Red,B/C,iPhone 8+,256GB
IP8P256RC,Red,C,iPhone 8+,256GB
IP8P256RI,Red,I,iPhone 8+,256GB
IP8P256SA,Silver,A,iPhone 8+,256GB
IP8P256SAA,Silver,A+,iPhone 8+,256GB
IP8P256SAB,Silver,A/B,iPhone 8+,256GB
IP8P256SBC,Silver,B/C,iPhone 8+,256GB
IP8P256SC,Silver,C,iPhone 8+,256GB
IP8P256SI,Silver,I,iPhone 8+,256GB
IP8P256SNOI,Silver,NOI,iPhone 8+,256GB
IP8P256SGA,Space Gray,A,iPhone 8+,256GB
IP8P256SGAA,Space Gray,A+,iPhone 8+,256GB
IP8P256SGAB,Space Gray,A/B,iPhone 8+,256GB
IP8P256SGBC,Space Gray,B/C,iPhone 8+,256GB
IP8P256SGC,Space Gray,C,iPhone 8+,256GB
IP8P256SGI,Space Gray,I,iPhone 8+,256GB
IP8P64GA,Gold,A,iPhone 8+,64GB
IP8P64GAA,Gold,A+,iPhone 8+,64GB
IP8P64GAB,Gold,A/B,iPhone 8+,64GB
IP8P64GBC,Gold,B/C,iPhone 8+,64GB
IP8P64GC,Gold,C,iPhone 8+,64GB
IP8P64GI,Gold,I,iPhone 8+,64GB
IP8P64GNOI,Gold,NOI,iPhone 8+,64GB
IP8P64RA,Red,A,iPhone 8+,64GB
IP8P64RAA,Red,A+,iPhone 8+,64GB
IP8P64RAB,Red,A/B,iPhone 8+,64GB
IP8P64RBC,Red,B/C,iPhone 8+,64GB
IP8P64RC,Red,C,iPhone 8+,64GB
IP8P64RI,Red,I,iPhone 8+,64GB
IP8P64RNOI,Red,NOI,iPhone 8+,64GB
IP8P64SA,Silver,A,iPhone 8+,64GB
IP8P64SAA,Silver,A+,iPhone 8+,64GB
IP8P64SAB,Silver,A/B,iPhone 8+,64GB
IP8P64SBC,Silver,B/C,iPhone 8+,64GB
IP8P64SC,Silver,C,iPhone 8+,64GB
IP8P64SI,Silver,I,iPhone 8+,64GB
IP8P64SNOI,Silver,NOI,iPhone 8 Plus,64GB
IP8P64SGA,Space Gray,A,iPhone 8+,64GB
IP8P64SGAA,Space Gray,A+,iPhone 8+,64GB
IP8P64SGAB,Space Gray,A/B,iPhone 8+,64GB
IP8P64SGBC,Space Gray,B/C,iPhone 8+,64GB
IP8P64SGC,Space Gray,C,iPhone 8+,64GB
IP8P64SGI,Space Gray,I,iPhone 8+,64GB
IP8P64SGNOI,Space Gray,NOI,iPhone 8+,64GB
IP8128GA,Gold,A,iPhone 8,128GB
IP8128GAA,Gold,A+,iPhone 8,128GB
IP8128GAB,Gold,A/B,iPhone 8,128GB
IP8128GBC,Gold,B/C,iPhone 8,128GB
IP8128GC,Gold,C,iPhone 8,128GB
IP8128RA,Red,A,iPhone 8,128GB
IP8128RAA,Red,A+,iPhone 8,128GB
IP8128RAB,Red,A/B,iPhone 8,128GB
IP8128RBC,Red,B/C,iPhone 8,128GB
IP8128RC,Red,C,iPhone 8,128GB
IP8128SA,Silver,A,iPhone 8,128GB
IP8128SAA,Silver,A+,iPhone 8,128GB
IP8128SAB,Silver,A/B,iPhone 8,128GB
IP8128SBC,Silver,B/C,iPhone 8,128GB
IP8128SC,Silver,C,iPhone 8,128GB
IP8128SGA,Space Gray,A,iPhone 8,128GB
IP8128SGAA,Space Gray,A+,iPhone 8,128GB
IP8128SGAB,Space Gray,A/B,iPhone 8,128GB
IP8128SGBC,Space Gray,B/C,iPhone 8,128GB
IP8128SGC,Space Gray,C,iPhone 8,128GB
IP8128SGI,Space Gray,I,iPhone 8,128GB
IP8128SGNOI,Space Gray,NOI,iPhone 8,128GB
IP8256GA,Gold,A,iPhone 8,256GB
IP8256GAA,Gold,A+,iPhone 8,256GB
IP8256GAB,Gold,A/B,iPhone 8,256GB
IP8256GBC,Gold,B/C,iPhone 8,256GB
IP8256GC,Gold,C,iPhone 8,256GB
IP8256GI,Gold,I,iPhone 8,256GB
IP8256GNOI,Gold,NOI,iPhone 8,256GB
IP8256RA,Red,A,iPhone 8,256GB
IP8256RAA,Red,A+,iPhone 8,256GB
IP8256RAB,Red,A/B,iPhone 8,256GB
IP8256RBC,Red,B/C,iPhone 8,256GB
IP8256RC,Red,C,iPhone 8,256GB
IP8256SA,Silver,A,iPhone 8,256GB
IP8256SAA,Silver,A+,iPhone 8,256GB
IP8256SAB,Silver,A/B,iPhone 8,256GB
IP8256SBC,Silver,B/C,iPhone 8,256GB
IP8256SC,Silver,C,iPhone 8,256GB
IP8256SI,Silver,I,iPhone 8,256GB
IP8256SNOI,Silver,NOI,iPhone 8,256GB
IP8256SGA,Space Gray,A,iPhone 8,256GB
IP8256SGAA,Space Gray,A+,iPhone 8,256GB
IP8256SGAB,Space Gray,A/B,iPhone 8,256GB
IP8256SGBC,Space Gray,B/C,iPhone 8,256GB
IP8256SGC,Space Gray,C,iPhone 8,256GB
IP8256SGI,Space Gray,I,iPhone 8,256GB
IP8256SGNOI,Space Gray,NOI,iPhone 8,256GB
IP864GA,Gold,A,iPhone 8,64GB
IP864GAA,Gold,A+,iPhone 8,64GB
IP864GAB,Gold,A/B,iPhone 8,64GB
IP864GBC,Gold,B/C,iPhone 8,64GB
IP864GC,Gold,C,iPhone 8,64GB
IP864GI,Gold,I,iPhone 8,64GB
IP864GNOI,Gold,NOI,iPhone 8,64GB
IP864RA,Red,A,iPhone 8,64GB
IP864RAA,Red,A+,iPhone 8,64GB
IP864RAB,Red,A/B,iPhone 8,64GB
IP864RBC,Red,B/C,iPhone 8,64GB
IP864RC,Red,C,iPhone 8,64GB
IP864RI,Red,I,iPhone 8,64GB
IP864RNOI,Red,NOI,iPhone 8,64GB
IP864SA,Silver,A,iPhone 8,64GB
IP864SAA,Silver,A+,iPhone 8,64GB
IP864SAB,Silver,A/B,iPhone 8,64GB
IP864SBC,Silver,B/C,iPhone 8,64GB
IP864SC,Silver,C,iPhone 8,64GB
IP864SI,Silver,I,iPhone 8,64GB
IP864SNOI,Silver,NOI,iPhone 8,64GB
IP864SGA,Space Gray,A,iPhone 8,64GB
IP864SGAA,Space Gray,A+,iPhone 8,64GB
IP864SGAB,Space Gray,A/B,iPhone 8,64GB
IP864SGBC,Space Gray,B/C,iPhone 8,64GB
IP864SGC,Space Gray,C,iPhone 8,64GB
IP864SGI,Space Gray,I,iPhone 8,64GB
IP864SGNOI,Space Gray,NOI,iPhone 8,64GB
IPX256SA,Silver,A,iPhone X,256GB
IPX256SAA,Silver,A+,iPhone X,256GB
IPX256SAB,Silver,A/B,iPhone X,256GB
IPX256SBC,Silver,B/C,iPhone X,256GB
IPX256SC,Silver,C,iPhone X,256GB
IPX256SI,Silver,I,iPhone X,256GB
IPX256SNOI,Silver,NOI,iPhone X,256GB
IPX256SGA,Space Gray,A,iPhone X,256GB
IPX256SGAA,Space Gray,A+,iPhone X,256GB
IPX256SGAB,Space Gray,A/B,iPhone X,256GB
IPX256SGBC,Space Gray,B/C,iPhone X,256GB
IPX256SGC,Space Gray,C,iPhone X,256GB
IPX256SGI,Space Gray,I,iPhone X,256GB
IPX256SGNOI,Space Gray,NOI,iPhone X,256GB
IPX64SA,Silver,A,iPhone X,64GB
IPX64SAA,Silver,A+,iPhone X,64GB
IPX64SAB,Silver,A/B,iPhone X,64GB
IPX64SBC,Silver,B/C,iPhone X,64GB
IPX64SC,Silver,C,iPhone X,64GB
IPX64SI,Silver,I,iPhone X,64GB
IPX64SNOI,Silver,NOI,iPhone X,64GB
IPX64SGA,Space Gray,A,iPhone X,64GB
IPX64SGAA,Space Gray,A+,iPhone X,64GB
IPX64SGAB,Space Gray,A/B,iPhone X,64GB
IPX64SGBC,Space Gray,B/C,iPhone X,64GB
IPX64SGC,Space Gray,C,iPhone X,64GB
IPX64SGI,Space Gray,I,iPhone X,64GB
IPX64SGNOI,Space Gray,NOI,iPhone X,64GB
IPXR128BAA,Black,A+,iPhone XR,128GB
IPXR128BA,Black,A,iPhone XR,128GB
IPXR128BAB,Black,A/B,iPhone XR,128GB
IPXR128BBC,Black,B/C,iPhone XR,128GB
IPXR128BC,Black,C,iPhone XR,128GB
IPXR128BI,Black,I,iPhone XR,128GB
IPXR128BNOI,Black,NOI,iPhone XR,128GB
IPXR128BLA,Blue,A,iPhone XR,128GB
IPXR128BLAA,Blue,A+,iPhone XR,128GB
IPXR128BLAB,Blue,A/B,iPhone XR,128GB
IPXR128BLBC,Blue,B/C,iPhone XR,128GB
IPXR128BLC,Blue,C,iPhone XR,128GB
IPXR128BLI,Blue,I,iPhone XR,128GB
IPXR128BLNOI,Blue,NOI,iPhone XR,128GB
IPXR128CA,Coral,A,iPhone XR,128GB
IPXR128CAA,Coral,A+,iPhone XR,128GB
IPXR128CAB,Coral,A/B,iPhone XR,128GB
IPXR128CBC,Coral,B/C,iPhone XR,128GB
IPXR128CC,Coral,C,iPhone XR,128GB
IPXR128CI,Coral,I,iPhone XR,128GB
IPXR128CNOI,Coral,NOI,iPhone XR,128GB
IPXR128RA,Red,A,iPhone XR,128GB
IPXR128RAA,Red,A+,iPhone XR,128GB
IPXR128RAB,Red,A/B,iPhone XR,128GB
IPXR128RBC,Red,B/C,iPhone XR,128GB
IPXR128RC,Red,C,iPhone XR,128GB
IPXR128RI,Red,I,iPhone XR,128GB
IPXR128RNOI,Red,NOI,iPhone XR,128GB
IPXR128WA,White,A,iPhone XR,128GB
IPXR128WAA,White,A+,iPhone XR,128GB
IPXR128WAB,White,A/B,iPhone XR,128GB
IPXR128WBC,White,B/C,iPhone XR,128GB
IPXR128WC,White,C,iPhone XR,128GB
IPXR128WI,White,I,iPhone XR,128GB
IPXR128WNOI,White,NOI,iPhone XR,128GB
IPXR128YA,Yellow,A,iPhone XR,128GB
IPXR128YAA,Yellow,A+,iPhone XR,128GB
IPXR128YAB,Yellow,A/B,iPhone XR,128GB
IPXR128YBC,Yellow,B/C,iPhone XR,128GB
IPXR128YC,Yellow,C,iPhone XR,128GB
IPXR128YI,Yellow,I,iPhone XR,128GB
IPXR128YNOI,Yellow,NOI,iPhone XR,128GB
IPXR256BA,Black,A,iPhone XR,256GB
IPXR256BAA,Black,A+,iPhone XR,256GB
IPXR256BAB,Black,A/B,iPhone XR,256GB
IPXR256BBC,Black,B/C,iPhone XR,256GB
IPXR256BC,Black,C,iPhone XR,256GB
IPXR256BI,Black,I,iPhone XR,256GB
IPXR256BNOI,Black,NOI,iPhone XR,256GB
IPXR256BLA,Blue,A,iPhone XR,256GB
IPXR256BLAA,Blue,A+,iPhone XR,256GB
IPXR256BLAB,Blue,A/B,iPhone XR,256GB
IPXR256BLBC,Blue,B/C,iPhone XR,256GB
IPXR256BLC,Blue,C,iPhone XR,256GB
IPXR256BLI,Blue,I,iPhone XR,256GB
IPXR256BLNOI,Blue,NOI,iPhone XR,256GB
IPXR256CA,Coral,A,iPhone XR,256GB
IPXR256CAA,Coral,A+,iPhone XR,256GB
IPXR256CAB,Coral,A/B,iPhone XR,256GB
IPXR256CBC,Coral,B/C,iPhone XR,256GB
IPXR256CC,Coral,C,iPhone XR,256GB
IPXR256CI,Coral,I,iPhone XR,256GB
IPXR256CNOI,Coral,NOI,iPhone XR,256GB
IPXR256RA,Red,A,iPhone XR,256GB
IPXR256RAA,Red,A+,iPhone XR,256GB
IPXR256RAB,Red,A/B,iPhone XR,256GB
IPXR256RBC,Red,B/C,iPhone XR,256GB
IPXR256RC,Red,C,iPhone XR,256GB
IPXR256RI,Red,I,iPhone XR,256GB
IPXR256RNOI,Red,NOI,iPhone XR,256GB
IPXR256WA,White,A,iPhone XR,256GB
IPXR256WAA,White,A+,iPhone XR,256GB
IPXR256WAB,White,A/B,iPhone XR,256GB
IPXR256WBC,White,B/C,iPhone XR,256GB
IPXR256WC,White,C,iPhone XR,256GB
IPXR256WI,White,I,iPhone XR,256GB
IPXR256WNOI,White,NOI,iPhone XR,256GB
IPXR256YA,Yellow,A,iPhone XR,256GB
IPXR256YAA,Yellow,A+,iPhone XR,256GB
IPXR256YAB,Yellow,A/B,iPhone XR,256GB
IPXR256YBC,Yellow,B/C,iPhone XR,256GB
IPXR256YC,Yellow,C,iPhone XR,256GB
IPXR256YI,Yellow,I,iPhone XR,256GB
IPXR256YNOI,Yellow,NOI,iPhone XR,256GB
IPXR64BA,Black,A,iPhone XR,64GB
IPXR64BAA,Black,A+,iPhone XR,64GB
IPXR64BAB,Black,A/B,iPhone XR,64GB
IPXR64BBC,Black,B/C,iPhone XR,64GB
IPXR64BC,Black,C,iPhone XR,64GB
IPXR64BI,Black,I,iPhone XR,64GB
IPXR64BNOI,Black,NOI,iPhone XR,64GB
IPXR64BLA,Blue,A,iPhone XR,64GB
IPXR64BLAA,Blue,A+,iPhone XR,64GB
IPXR64BLAB,Blue,A/B,iPhone XR,64GB
IPXR64BLBC,Blue,B/C,iPhone XR,64GB
IPXR64BLC,Blue,C,iPhone XR,64GB
IPXR64BLI,Blue,I,iPhone XR,64GB
IPXR64BLNOI,Blue,NOI,iPhone XR,64GB
IPXR64CA,Coral,A,iPhone XR,64GB
IPXR64CAA,Coral,A+,iPhone XR,64GB
IPXR64CAB,Coral,A/B,iPhone XR,64GB
IPXR64CBC,Coral,B/C,iPhone XR,64GB
IPXR64CC,Coral,C,iPhone XR,64GB
IPXR64CI,Coral,I,iPhone XR,64GB
IPXR64CNOI,Coral,NOI,iPhone XR,64GB
IPXR64RA,Red,A,iPhone XR,64GB
IPXR64RAA,Red,A+,iPhone XR,64GB
IPXR64RAB,Red,A/B,iPhone XR,64GB
IPXR64RBC,Red,B/C,iPhone XR,64GB
IPXR64RC,Red,C,iPhone XR,64GB
IPXR64RI,Red,I,iPhone XR,64GB
IPXR64RNOI,Red,NOI,iPhone XR,64GB
IPXR64WA,White,A,iPhone XR,64GB
IPXR64WAA,White,A+,iPhone XR,64GB
IPXR64WAB,White,A/B,iPhone XR,64GB
IPXR64WBC,White,B/C,iPhone XR,64GB
IPXR64WC,White,C,iPhone XR,64GB
IPXR64WI,White,I,iPhone XR,64GB
IPXR64WNOI,White,NOI,iPhone XR,64GB
IPXR64YA,Yellow,A,iPhone XR,64GB
IPXR64YAA,Yellow,A+,iPhone XR,64GB
IPXR64YAB,Yellow,A/B,iPhone XR,64GB
IPXR64YBC,Yellow,B/C,iPhone XR,64GB
IPXR64YC,Yellow,C,iPhone XR,64GB
IPXR64YI,Yellow,I,iPhone XR,64GB
IPXR64YNOI,Yellow,NOI,iPhone XR,64GB
IPXSMAX256GA,Gold,A,iPhone XS Max,256GB
IPXSMAX256GAA,Gold,A+,iPhone XS Max,256GB
IPXSMAX256GAB,Gold,A/B,iPhone XS Max,256GB
IPXSMAX256GBC,Gold,B/C,iPhone XS Max,256GB
IPXSMAX256GC,Gold,C,iPhone XS Max,256GB
IPXSMAX256GI,Gold,I,iPhone XS Max,256GB
IPXSMAX256SA,Silver,A,iPhone XS Max,256GB
IPXSMAX256SAA,Silver,A+,iPhone XS Max,256GB
IPXSMAX256SAB,Silver,A/B,iPhone XS Max,256GB
IPXSMAX256SBC,Silver,B/C,iPhone XS Max,256GB
IPXSMAX256SC,Silver,C,iPhone XS Max,256GB
IPXSMAX256SI,Silver,I,iPhone XS Max,256GB
IPXSMAX256SGA,Space Gray,A,iPhone XS Max,256GB
IPXSMAX256SGAA,Space Gray,A+,iPhone XS Max,256GB
IPXSMAX256SGAB,Space Gray,A/B,iPhone XS Max,256GB
IPXSMAX256SGBC,Space Gray,B/C,iPhone XS Max,256GB
IPXSMAX256SGC,Space Gray,C,iPhone XS Max,256GB
IPXSMAX256SGI,Space Gray,I,iPhone XS Max,256GB
IPXSMAX512GA,Gold,A,iPhone XS Max,512GB
IPXSMAX512GAA,Gold,A+,iPhone XS Max,512GB
IPXSMAX512GAB,Gold,A/B,iPhone XS Max,512GB
IPXSMAX512GBC,Gold,B/C,iPhone XS Max,512GB
IPXSMAX512GC,Gold,C,iPhone XS Max,512GB
IPXSMAX512SA,Silver,A,iPhone XS Max,512GB
IPXSMAX512SAA,Silver,A+,iPhone XS Max,512GB
IPXSMAX512SAB,Silver,A/B,iPhone XS Max,512GB
IPXSMAX512SBC,Silver,B/C,iPhone XS Max,512GB
IPXSMAX512SC,Silver,C,iPhone XS Max,512GB
IPXSMAX512SGA,Space Gray,A,iPhone XS Max,512GB
IPXSMAX512SGAA,Space Gray,A+,iPhone XS Max,512GB
IPXSMAX512SGAB,Space Gray,A/B,iPhone XS Max,512GB
IPXSMAX512SGBC,Space Gray,B/C,iPhone XS Max,512GB
IPXSMAX512SGC,Space Gray,C,iPhone XS Max,512GB
IPXSMAX64GA,Gold,A,iPhone XS Max,64GB
IPXSMAX64GAA,Gold,A+,iPhone XS Max,64GB
IPXSMAX64GAB,Gold,A/B,iPhone XS Max,64GB
IPXSMAX64GBC,Gold,B/C,iPhone XS Max,64GB
IPXSMAX64GC,Gold,C,iPhone XS Max,64GB
IPXSMAX64GI,Gold,I,iPhone XS Max,64GB
IPXSMAX64GNOI,Gold,NOI,iPhone XS Max,64GB
IPXSMAX64SA,Silver,A,iPhone XS Max,64GB
IPXSMAX64SAA,Silver,A+,iPhone XS Max,64GB
IPXSMAX64SAB,Silver,A/B,iPhone XS Max,64GB
IPXSMAX64SBC,Silver,B/C,iPhone XS Max,64GB
IPXSMAX64SC,Silver,C,iPhone XS Max,64GB
IPXSMAX64SI,Silver,I,iPhone XS Max,64GB
IPXSMAX64SNOI,Silver,NOI,iPhone XS Max,64GB
IPXSMAX64SGA,Space Gray,A,iPhone XS Max,64GB
IPXSMAX64SGAA,Space Gray,A+,iPhone XS Max,64GB
IPXSMAX64SGAB,Space Gray,A/B,iPhone XS Max,64GB
IPXSMAX64SGBC,Space Gray,B/C,iPhone XS Max,64GB
IPXSMAX64SGC,Space Gray,C,iPhone XS Max,64GB
IPXSMAX64SGI,Space Gray,I,iPhone XS Max,64GB
IPXSMAX64SGNOI,Space Gray,NOI,iPhone XS Max,64GB
IPXS256GA,Gold,A,iPhone XS,256GB
IPXS256GAA,Gold,A+,iPhone XS,256GB
IPXS256GAB,Gold,A/B,iPhone XS,256GB
IPXS256GBC,Gold,B/C,iPhone XS,256GB
IPXS256GC,Gold,C,iPhone XS,256GB
IPXS256GI,Gold,I,iPhone XS,256GB
IPXS256GNOI,Gold,NOI,iPhone XS,256GB
IPXS256SA,Silver,A,iPhone XS,256GB
IPXS256SAA,Silver,A+,iPhone XS,256GB
IPXS256SAB,Silver,A/B,iPhone XS,256GB
IPXS256SBC,Silver,B/C,iPhone XS,256GB
IPXS256SC,Silver,C,iPhone XS,256GB
IPXS256SI,Silver,I,iPhone XS,256GB
IPXS256SNOI,Silver,NOI,iPhone XS,256GB
IPXS256SGA,Space Gray,A,iPhone XS,256GB
IPXS256SGAA,Space Gray,A+,iPhone XS,256GB
IPXS256SGAB,Space Gray,A/B,iPhone XS,256GB
IPXS256SGBC,Space Gray,B/C,iPhone XS,256GB
IPXS256SGC,Space Gray,C,iPhone XS,256GB
IPXS256SGI,Space Gray,I,iPhone XS,256GB
IPXS256SGNOI,Space Gray,NOI,iPhone XS,256GB
IPXS512GA,Gold,A,iPhone XS,512GB
IPXS512GAA,Gold,A+,iPhone XS,512GB
IPXS512GAB,Gold,A/B,iPhone XS,512GB
IPXS512GBC,Gold,B/C,iPhone XS,512GB
IPXS512GC,Gold,C,iPhone XS,512GB
IPXS512GI,Gold,I,iPhone XS,512GB
IPXS512GNOI,Gold,NOI,iPhone XS,512GB
IPXS512SA,Silver,A,iPhone XS,512GB
IPXS512SAA,Silver,A+,iPhone XS,512GB
IPXS512SAB,Silver,A/B,iPhone XS,512GB
IPXS512SBC,Silver,B/C,iPhone XS,512GB
IPXS512SC,Silver,C,iPhone XS,512GB
IPXS512SI,Silver,I,iPhone XS,512GB
IPXS512SNOI,Silver,NOI,iPhone XS,512GB
IPXS512SGA,Space Gray,A,iPhone XS,512GB
IPXS512SGAA,Space Gray,A+,iPhone XS,512GB
IPXS512SGAB,Space Gray,A/B,iPhone XS,512GB
IPXS512SGBC,Space Gray,B/C,iPhone XS,512GB
IPXS512SGC,Space Gray,C,iPhone XS,512GB
IPXS512SGI,Space Gray,I,iPhone XS,512GB
IPXS512SGNOI,Space Gray,NOI,iPhone XS,512GB
IPXS64GA,Gold,A,iPhone XS,64GB
IPXS64GAA,Gold,A+,iPhone XS,64GB
IPXS64GAB,Gold,A/B,iPhone XS,64GB
IPXS64GBC,Gold,B/C,iPhone XS,64GB
IPXS64GC,Gold,C,iPhone XS,64GB
IPXS64GI,Gold,I,iPhone XS,64GB
IPXS64GNOI,Gold,NOI,iPhone XS,64GB
IPXS64SA,Silver,A,iPhone XS,64GB
IPXS64SAA,Silver,A+,iPhone XS,64GB
IPXS64SAB,Silver,A/B,iPhone XS,64GB
IPXS64SBC,Silver,B/C,iPhone XS,64GB
IPXS64SC,Silver,C,iPhone XS,64GB
IPXS64SI,Silver,I,iPhone XS,64GB
IPXS64SNOI,Silver,NOI,iPhone XS,64GB
IPXS64SGA,Space Gray,A,iPhone XS,64GB
IPXS64SGAA,Space Gray,A+,iPhone XS,64GB
IPXS64SGAB,Space Gray,A/B,iPhone XS,64GB
IPXS64SGBC,Space Gray,B/C,iPhone XS,64GB
IPXS64SGC,Space Gray,C,iPhone XS,64GB
IPXS64SGI,Space Gray,I,iPhone XS,64GB
IP13PRO128AGA,Alpine Green,A,iPhone 13 Pro,128GB
IP13PRO128AGAA,Alpine Green,A+,iPhone 13 Pro,128GB
IP13PRO128AGAB,Alpine Green,A/B,iPhone 13 Pro,128GB
IP13PRO128AGBC,Alpine Green,B/C,iPhone 13 Pro,128GB
IP13PRO128AGC,Alpine Green,C,iPhone 13 Pro,128GB
IP13PRO128AGI,Alpine Green,I,iPhone 13 Pro,128GB
IP13PRO128AGNOI,Alpine Green,NOI,iPhone 13 Pro,128GB
IP13PRO256AGA,Alpine Green,A,iPhone 13 Pro,256GB
IP13PRO256AGAA,Alpine Green,A+,iPhone 13 Pro,256GB
IP13PRO256AGAB,Alpine Green,A/B,iPhone 13 Pro,256GB
IP13PRO256AGBC,Alpine Green,B/C,iPhone 13 Pro,256GB
IP13PRO256AGC,Alpine Green,C,iPhone 13 Pro,256GB
IP13PRO256AGI,Alpine Green,I,iPhone 13 Pro,256GB
IP13PRO256AGNOI,Alpine Green,NOI,iPhone 13 Pro,256GB
IP13PRO513AGA,Alpine Green,A,iPhone 13 Pro,512GB
IP13PRO513AGAA,Alpine Green,A+,iPhone 13 Pro,512GB
IP13PRO513AGAB,Alpine Green,A/B,iPhone 13 Pro,512GB
IP13PRO513AGBC,Alpine Green,B/C,iPhone 13 Pro,512GB
IP13PRO513AGC,Alpine Green,C,iPhone 13 Pro,512GB
IP13PRO513AGI,Alpine Green,I,iPhone 13 Pro,512GB
IP13PRO513AGNOI,Alpine Green,NOI,iPhone 13 Pro,512GB
IP13128GRA,Green,A,iPhone 13,128GB
IP13128GRAA,Green,A+,iPhone 13,128GB
IP13128GRAB,Green,A/B,iPhone 13,128GB
IP13128GRBC,Green,B/C,iPhone 13,128GB
IP13128GRC,Green,C,iPhone 13,128GB
IP13128GRI,Green,I,iPhone 13,128GB
IP13128GRNOI,Green,NOI,iPhone 13,128GB
IP13256GRA,Green,A,iPhone 13,256GB
IP13256GRAA,Green,A+,iPhone 13,256GB
IP13256GRAB,Green,A/B,iPhone 13,256GB
IP13256GRBC,Green,B/C,iPhone 13,256GB
IP13256GRC,Green,C,iPhone 13,256GB
IP13256GRI,Green,I,iPhone 13,256GB
IP13256GRNOI,Green,NOI,iPhone 13,256GB
IP13PROMAX256GC,Gold,C,iPhone 13 Pro Max,256GB
IP13PROMAX256GI,Gold,I,iPhone 13 Pro Max,256GB
IP13PROMAX256GAAA,Gold,A+,iPhone 13 Pro Max,256GB
IP13PROMAX256GA,Gold,A,iPhone 13 Pro Max,256GB
IP13PROMAX256GAB,Gold,A/B,iPhone 13 Pro Max,256GB
IP13PROMAX256GBC,Gold,B/C,iPhone 13 Pro Max,256GB
IP13PROMAX256GNOI,Gold,NOI,iPhone 13 Pro Max,256GB
IP13PROMAX512GC,Gold,C,iPhone 13 Pro Max,512GB
IP13PROMAX512GI,Gold,I,iPhone 13 Pro Max,512GB
IP13PROMAX512GAAA,Gold,A+,iPhone 13 Pro Max,512GB
IP13PROMAX512GA,Gold,A,iPhone 13 Pro Max,512GB
IP13PROMAX512GAB,Gold,A/B,iPhone 13 Pro Max,512GB
IP13PROMAX512GBC,Gold,B/C,iPhone 13 Pro Max,512GB
IP13PROMAX512GNOI,Gold,NOI,iPhone 13 Pro Max,512GB
IP13PROMAX128GC,Green,C,iPhone 13 Pro Max,128GB
IP13PROMAX128GI,Green,I,iPhone 13 Pro Max,128GB
IP13PROMAX128GAAA,Green,A+,iPhone 13 Pro Max,128GB
IP13PROMAX128GA,Green,A,iPhone 13 Pro Max,128GB
IP13PROMAX128GAB,Green,A/B,iPhone 13 Pro Max,128GB
IP13PROMAX128GBC,Green,B/C,iPhone 13 Pro Max,128GB
IP13PROMAX128GNOI,Green,NOI,iPhone 13 Pro Max,128GB
IP13PROMAX256GC,Green,C,iPhone 13 Pro Max,256GB
IP13PROMAX256GI,Green,I,iPhone 13 Pro Max,256GB
IP13PROMAX256GAAA,Green,A+,iPhone 13 Pro Max,256GB
IP13PROMAX256GA,Green,A,iPhone 13 Pro Max,256GB
IP13PROMAX256GAB,Green,A/B,iPhone 13 Pro Max,256GB
IP13PROMAX256GBC,Green,B/C,iPhone 13 Pro Max,256GB
IP13PROMAX256GNOI,Green,NOI,iPhone 13 Pro Max,256GB
IP13PROMAX512GC,Green,C,iPhone 13 Pro Max,512GB
IP13PROMAX512GI,Green,I,iPhone 13 Pro Max,512GB
IP13PROMAX512GAAA,Green,A+,iPhone 13 Pro Max,512GB
IP13PROMAX512GA,Green,A,iPhone 13 Pro Max,512GB
IP13PROMAX512GAB,Green,A/B,iPhone 13 Pro Max,512GB
IP13PROMAX512GBC,Green,B/C,iPhone 13 Pro Max,512GB
IP13PROMAX512GNOI,Green,NOI,iPhone 13 Pro Max,512GB
IP12PRO256GA,Gold,C,iPhone 12 Pro,256GB
IP12PRO256GAB,Gold,A/B,iPhone 12 Pro,256GB
IP12PRO256GB,Gold,B,iPhone 12 Pro,256GB
IP12PRO256GBC,Gold,B/C,iPhone 12 Pro,256GB
IP12PRO256GC,Gold,C,iPhone 12 Pro,256GB
IP12PRO256GI,Gold,I,iPhone 12 Pro,256GB
IP12PRO256GNOI,Gold,NOI,iPhone 12 Pro,256GB
IP12PRO512GA,Gold,C,iPhone 12 Pro,512GB
IP12PRO512GAB,Gold,A/B,iPhone 12 Pro,512GB
IP12PRO512GB,Gold,B,iPhone 12 Pro,512GB
IP12PRO512GBC,Gold,B/C,iPhone 12 Pro,512GB
IP12PRO512GC,Gold,C,iPhone 12 Pro,512GB
IP12PRO512GI,Gold,I,iPhone 12 Pro,512GB
IP12PRO512GNOI,Gold,NOI,iPhone 12 Pro,512GB
IPSE128SGA,Black,A,iPhone SE,128GB
IPSE128SGAA,Black,A+,iPhone SE,128GB
IPSE128SGAB,Black,A/B,iPhone SE,128GB
IPSE128SGBC,Black,B/C,iPhone SE,128GB
IPSE128SGC,Black,C,iPhone SE,128GB
IPSE128SGI,Black,I,iPhone SE,128GB
IPSE128SGNOI,Black,NOI,iPhone SE,128GB
IPSE256SGA,Black,A,iPhone SE,256GB
IPSE256SGAA,Black,A+,iPhone SE,256GB
IPSE256SGAB,Black,A/B,iPhone SE,256GB
IPSE256SGBC,Black,B/C,iPhone SE,256GB
IPSE256SGC,Black,C,iPhone SE,256GB
IPSE256SGI,Black,I,iPhone SE,256GB
IPSE256SGNOI,Black,NOI,iPhone SE,256GB
IPSE64SGA,Black,A,iPhone SE,64GB
IPSE64SGAA,Black,A+,iPhone SE,64GB
IPSE64SGAB,Black,A/B,iPhone SE,64GB
IPSE64SGBC,Black,B/C,iPhone SE,64GB
IPSE64SGC,Black,C,iPhone SE,64GB
IPSE64SGI,Black,I,iPhone SE,64GB
IPSE64SGNOI,Black,NOI,iPhone SE,64GB
IPSE128RA,Red,A,iPhone SE,128GB
IPSE128RAA,Red,A+,iPhone SE,128GB
IPSE128RAB,Red,A/B,iPhone SE,128GB
IPSE128RBC,Red,B/C,iPhone SE,128GB
IPSE128RC,Red,C,iPhone SE,128GB
IPSE256RA,Red,A,iPhone SE,256GB
IPSE256RAA,Red,A+,iPhone SE,256GB
IPSE256RAB,Red,A/B,iPhone SE,256GB
IPSE256RBC,Red,B/C,iPhone SE,256GB
IPSE256RC,Red,C,iPhone SE,256GB
IPSE64RA,Red,A,iPhone SE,64GB
IPSE64RAA,Red,A+,iPhone SE,64GB
IPSE64RAB,Red,A/B,iPhone SE,64GB
IPSE64RBC,Red,B/C,iPhone SE,64GB
IPSE64RC,Red,C,iPhone SE,64GB
IPSE64RI,Red,I,iPhone SE,64GB
IPSE64RNOI,Red,NOI,iPhone SE,64GB
IPSE128SA,White,A,iPhone SE,128GB
IPSE128SAA,White,A+,iPhone SE,128GB
IPSE128SAB,White,A/B,iPhone SE,128GB
IPSE128SBC,White,B/C,iPhone SE,128GB
IPSE128SC,White,C,iPhone SE,128GB
IPSE256SA,White,A,iPhone SE,256GB
IPSE256SAA,White,A+,iPhone SE,256GB
IPSE256SAB,White,A/B,iPhone SE,256GB
IPSE256SBC,White,B/C,iPhone SE,256GB
IPSE256SC,White,C,iPhone SE,256GB
IPSE256SI,White,I,iPhone SE,256GB
IPSE256SNOI,White,NOI,iPhone SE,256GB
IPSE64SA,White,A,iPhone SE,64GB
IPSE64SAA,White,A+,iPhone SE,64GB
IPSE64SAB,White,A/B,iPhone SE,64GB
IPSE64SBC,White,B/C,iPhone SE,64GB
IPSE64SC,White,C,iPhone SE,64GB
IPSE64SI,White,I,iPhone SE,64GB
IPSE64SNOI,White,NOI,iPhone SE,64GB
IP12PROMAX512GRNOI,Gold,NOI,iPhone 12 Pro Max,512GB
IP12PROMAX64GRC,Gold,C,iPhone 12 Pro Max,64GB
IP12PROMAX64GRI,Gold,I,iPhone 12 Pro Max,64GB
IP12PROMAX64GRNOI,Gold,NOI,iPhone 12 Pro Max,64GB
IP12PROMAX256GA,Gold,A,iPhone 12 Pro Max,256GB
IP12PROMAX256GAB,Gold,A/B,iPhone 12 Pro Max,256GB
IP12PROMAX256GB,Gold,B,iPhone 12 Pro Max,256GB
IP12PROMAX256GBC,Gold,B/C,iPhone 12 Pro Max,256GB
IP12PROMAX256GC,Gold,C,iPhone 12 Pro Max,256GB
IP12PROMAX256GI,Gold,I,iPhone 12 Pro Max,256GB
IP12PROMAX256GNOI,Gold,NOI,iPhone 12 Pro Max,256GB
IP12PROMAX512GA,Gold,A,iPhone 12 Pro Max,512GB
IP12PROMAX512GAB,Gold,A/B,iPhone 12 Pro Max,512GB
IP12PROMAX512GB,Gold,B,iPhone 12 Pro Max,512GB
IP12PROMAX512GBC,Gold,B/C,iPhone 12 Pro Max,512GB
IP12PROMAX512GC,Gold,C,iPhone 12 Pro Max,512GB
IP12PROMAX512GI,Gold,I,iPhone 12 Pro Max,512GB
IP12PROMAX512GNOI,Gold,NOI,iPhone 12 Pro Max,512GB
IP13PRO128SBC,Silver,B/C,iPhone 13 Pro,128GB
IP13PRO256SBC,Silver,B/C,iPhone 13 Pro,256GB
IP13PRO513SBC,Silver,B/C,iPhone 13 Pro,512GB
IP13PRO256GC,Gold,C,iPhone 13 Pro,256GB
IP13PRO256GI,Gold,I,iPhone 13 Pro,256GB
IP13PRO256GNOI,Gold,NOI,iPhone 13 Pro,256GB
IP13PRO512GA,Gold,A,iPhone 13 Pro,512GB
IP13PRO512GAB,Gold,A/B,iPhone 13 Pro,512GB
IP13PRO512GB,Gold,C,iPhone 13 Pro,512GB
IP13PRO512GBC,Gold,B/C,iPhone 13 Pro,512GB
IP13PRO512GC,Gold,C,iPhone 13 Pro,512GB
IP13PRO512GI,Gold,I,iPhone 13 Pro,512GB
IP13PRO512GNOI,Gold,NOI,iPhone 13 Pro,512GB
IPXS64SGNOI,Space Gray,NOI,iPhone XS,64GB
IP8256RNOI,Red,NOI,iPhone 8,256GB
